pair_id,source_index,meter_label,num_bayts,description,original_poem_text,group3_poem_text,generation_latency_sec,judge_latency_sec,total_latency_sec,selected_candidate_idx,selected_fit_score,selected_substance_score,selected_final_score,selected_overlap_with_original,selected_overlap_with_description,selected_notes,raw_generation_content,all_candidates_json
0,20181,مخلع البسيط,2,شكوى مريرة إلى الخالق من ويلاتِ العيشِ المريرة، حيث تترسّخ لحظات الليل الطويل كأنه لا يُنتظر فجرًا، في تصويرٍ يوحي بثقل الأيام وغيابِ النور. يُعبِّر الشكوى عن استسلامٍ مؤقتٍ للظلماتِ التي تُحاصر الروح، مع انتقالٍ من تذمرٍ مُرٍّ إلى انتظارٍ خفيٍّ لانقلابِ الحال. يرافق الصوتُ المُكابِدُ تحوُّلًا من اليأسِ إلى التضرعِ، مُستخدمًا صورًا من الظلامِ الداكنِ والانهيارِ النفسيِّ، في دعوةٍ إلى تغييرٍ يُعيد توازنَ الوجودِ المُهدَّدِ.,"أشكو إلى الله من أمورِ
تمر عيشي لما تمر
ودملٍ مع دوامِ ليلٍ
ما لهما ما حييت فجر","شكوى لله من أمور
العيش صعب ومرير
ويلات تترسخ في الليل
ما له فجر يا رجل",36.361504316329956,16.221555471420288,52.583059787750244,1,0.75,0.3,0.6149999999999999,0.09090909090909091,0.0847457627118644,القصيدة تلتقط المحاور الدلالية الأساسية للوصف (الشكوى لله، مرارة العيش، غياب فجر الليل)، مما يضمن توافقًا دلاليًا قويًا. لكنها تفتقر إلى العمق الشعري والتدرج العاطفي (من اليأس إلى التضرع) المذكور في الوصف، وتبدو سطحية ومكررة، مما يخفض درجة المصداقية الفنية.,"### CANDIDATE 1
شكوى لله من أمور
العيش صعب ومرير
ويلات تترسخ في الليل
ما له فجر يا رجل

### CANDIDATE 2
شكوى مريرة من العيش
ويلات العيش مريرة
مريرة العيش تترسخ
تترسخ ويلات العيش

### CANDIDATE 3
شكوى الخالق من الأمور
ويلات كثيرة في العيش
لحظات تمر بلا أمل
لا يأتي الفجر قريبًا

### CANDIDATE 4
أشكو من ويلات العيش
العيش المريرة تترسخ
لحظات الليل صعبة
لا يوجد فجر هنا

### CANDIDATE 5
شكوى لحظات من أمور
تمر عيشي لما حييت
ويلات ما لها فجر
تترسخ الأمور هنا

### CANDIDATE 6
يجب أن نشكو للخالق
العيش يكون مريرًا
تترسخ الويلات فينا
هذا هو العيش المرير","[{""candidate_idx"": 1, ""poem_text"": ""شكوى لله من أمور\nالعيش صعب ومرير\nويلات تترسخ في الليل\nما له فجر يا رجل"", ""fit_score"": 0.75, ""substance_score"": 0.3, ""final_score"": 0.6149999999999999, ""notes"": ""القصيدة تلتقط المحاور الدلالية الأساسية للوصف (الشكوى لله، مرارة العيش، غياب فجر الليل)، مما يضمن توافقًا دلاليًا قويًا. لكنها تفتقر إلى العمق الشعري والتدرج العاطفي (من اليأس إلى التضرع) المذكور في الوصف، وتبدو سطحية ومكررة، مما يخفض درجة المصداقية الفنية."", ""judge_latency_sec"": 16.221555471420288, ""overlap_with_original"": 0.09090909090909091, ""overlap_with_description"": 0.0847457627118644, ""objective"": 1.2, ""judge_error"": null}, {""candidate_idx"": 6, ""poem_text"": ""يجب أن نشكو للخالق\nالعيش يكون مريرًا\nتترسخ الويلات فينا\nهذا هو العيش المرير"", ""fit_score"": 0.5, ""substance_score"": 0.3, ""final_score"": 0.44, ""notes"": ""تلتقط الفكرة العامة للشكوى والمرارة لكنها تفتقر للصور (الليل/الظلام) والانتقال العاطفي (اليأس/الأمل) المذكور في الوصف. كما أن القصيدة سطحية وتعتمد على التكرار المباشر دون عمق شعري أو بناء دلالي مقنع."", ""judge_latency_sec"": 23.54914164543152, ""overlap_with_original"": 0.0, ""overlap_with_description"": 0.03389830508474576, ""objective"": 1.5500000000000003, ""judge_error"": null}, {""candidate_idx"": 2, ""poem_text"": ""شكوى مريرة من العيش\nويلات العيش مريرة\nمريرة العيش تترسخ\nتترسخ ويلات العيش"", ""fit_score"": 0.3, ""substance_score"": 0.1, ""final_score"": 0.24, ""notes"": ""القصيدة تلتقط الكلمات المفتاحية (شكوى، عيش، مريرة) لكنها تفتقر للجوهر الدلالي المطلوب (الشكوى للخالق، صور الليل، الانتقال من اليأس للأمل). النص عبارة عن تكرار دائري للألفاظ دون عمق أو بناء شعري."", ""judge_latency_sec"": 23.396855354309082, ""overlap_with_original"": 0.0, ""overlap_with_description"": 0.09615384615384616, ""objective"": 2.1500000000000004, ""judge_error"": null}, {""candidate_idx"": 4, ""poem_text"": ""أشكو من ويلات العيش\nالعيش المريرة تترسخ\nلحظات الليل صعبة\nلا يوجد فجر هنا"", ""fit_score"": 0.4, ""substance_score"": 0.3, ""final_score"": 0.37, ""notes"": ""القصيدة تلتقط المفردات السطحية للوصف (الشكوى، الليل، غياب الفجر) لكنها تغفل الجوهر الدلالي المركزي المتمثل في توجيه الشكوى إلى الخالق، كما تفتقر إلى التحول العاطفي من اليأس إلى التضرع المذكور في الوصف. من حيث المضمون، اللغة ركيكة ومباشرة جدًا وتفتقر للبناء الشعري العميق، مما يجعلها أقرب إلى تلخيص نصي من قصيدة ذات دلالة مستقلة."", ""judge_latency_sec"": 14.275264024734497, ""overlap_with_original"": 0.1, ""overlap_with_description"": 0.10714285714285714, ""objective"": 2.25, ""judge_error"": null}, {""candidate_idx"": 5, ""poem_text"": ""شكوى لحظات من أمور\nتمر عيشي لما حييت\nويلات ما لها فجر\nتترسخ الأمور هنا"", ""fit_score"": 0.4, ""substance_score"": 0.3, ""final_score"": 0.37, ""notes"": ""القصيدة تلتقط مفردات الشكوى وغياب الفجر، لكنها تفتقر للعلاقة مع الخالق والتحول العاطفي الموصوف. القصيدة ضعيفة دلاليًا ولغويًا، وتفتقر للبناء الشعري العميق."", ""judge_latency_sec"": 23.428240060806274, ""overlap_with_original"": 0.35294117647058826, ""overlap_with_description"": 0.06779661016949153, ""objective"": 2.25, ""judge_error"": null}, {""candidate_idx"": 3, ""poem_text"": ""شكوى الخالق من الأمور\nويلات كثيرة في العيش\nلحظات تمر بلا أمل\nلا يأتي الفجر قريبًا"", ""fit_score"": 0.3, ""substance_score"": 0.25, ""final_score"": 0.28500000000000003, ""notes"": ""العلاقة الدلالية معكوسة جوهريًا (شكوى الخالق من الأمور مقابل شكوى إلى الخالق)، والقصيدة تفتقر للتحول العاطفي من يأس إلى تضرع أو أمل المذكور في الوصف. اللغة سطحية وعامة جدًا، تفتقر للبناء الشعري العميق، مما يجعلها تلخيصًا مفرطًا في التبسيط."", ""judge_latency_sec"": 11.640977144241333, ""overlap_with_original"": 0.041666666666666664, ""overlap_with_description"": 0.08333333333333333, ""objective"": 2.7500000000000004, ""judge_error"": null}]"
1,6083,السريع,2,مشهد حزين يُظهر نزاعاً داخلياً بين إنكار الشوق وانغماسه في الأسى، حيث تتحول الدعوة للتمثيل في المشهد إلى اعتراف مُجبر بالوجع. يخاطب المكلوم جوليا من وراء صورة القلب المُرسل إلى الصدر المُنكَسِر، ليُظهر تضاداً بين زيف المناظر وصدق الألم المُوجع. الصور تجمع بين السرد العاطفي والرموز الجسدية، مع غرض شعري مُركب من الغزل المتألم والرثاء الداخلي.,"تَمَثَّلي إِن شِئتِ في مَنظَرٍ
يا جولِيا أُنكِرُ فيهِ الغَرام
أَو فَاِبعَثي قَلباً إِلى أَضلُعٍ
راحَ بِهِ الوَجدُ وَأَودى السَقام","اجعلي المشهد حزينًا عامًا
يا جوليا يظهر إنكار الشوق
أرسلي القلب لمن هو حزين
نزاعا داخليا هو السبب",153.73961448669434,25.883896589279175,179.6235110759735,3,0.85,0.2,0.655,0.07142857142857142,0.17307692307692307,القصيدة تطابق مفردات الوصف ومفاهيمه المركزية (جوليا، إنكار الشوق، النزاع الداخلي، إرسال القلب) بدقة عالية، مما يضمن توافقًا دلاليًا قويًا. ومع ذلك، تفتقر القصيدة إلى العمق الشعري، وتقتصر على سرد المفاهيم بصيغة أمرية مباشرة دون بناء صور أو عاطفة مؤثرة، مما يجعلها فارغة دلاليًا رغم دقة المفردات.,"

### CANDIDATE 1
اجعلي المشهد يبدو حزينًا
يا جوليا إنكار الشوق وهو يظهر
أرسلي القلب للأضلاع من نزاعا داخليا
إنكار وانغماسه في هذا الأمر

### CANDIDATE2
تظاهري بالمشهد في المشهد
يا جوليا إنكار الشوق في الشوق
ارسل القلب للأضلاع للأضلاع
إنكار وانغماسه ونزاعا داخليا

### CANDIDATE 3
اجعلي المشهد حزينًا عامًا
يا جوليا يظهر إنكار الشوق
أرسلي القلب لمن هو حزين
نزاعا داخليا هو السبب

### CANDIDATE 4
اجعلي المشهد كصورة حزين
يا جوليا إنكار الشوق في الظلم
ابعثي القلب للأجسام والأضلاع
إنكار وانغماسه يظهر في الكلام

### CANDIDATE 5
يظهر المشهد الحزين هنا
يا جوليا إنكار الشوق في
ارسلي القلب لنزاعا داخليا
وانغماسه يكون في الأمر

### CANDIDATE 6
يجب أن يظهر المشهد حزينًا
يا جوليا عليك إنكار الشوق
نزاعا الداخلي يظهر دائمًا
الإنكار وانغماسه في الأمر","[{""candidate_idx"": 3, ""poem_text"": ""اجعلي المشهد حزينًا عامًا\nيا جوليا يظهر إنكار الشوق\nأرسلي القلب لمن هو حزين\nنزاعا داخليا هو السبب"", ""fit_score"": 0.85, ""substance_score"": 0.2, ""final_score"": 0.655, ""notes"": ""القصيدة تطابق مفردات الوصف ومفاهيمه المركزية (جوليا، إنكار الشوق، النزاع الداخلي، إرسال القلب) بدقة عالية، مما يضمن توافقًا دلاليًا قويًا. ومع ذلك، تفتقر القصيدة إلى العمق الشعري، وتقتصر على سرد المفاهيم بصيغة أمرية مباشرة دون بناء صور أو عاطفة مؤثرة، مما يجعلها فارغة دلاليًا رغم دقة المفردات."", ""judge_latency_sec"": 25.883896589279175, ""overlap_with_original"": 0.07142857142857142, ""overlap_with_description"": 0.17307692307692307, ""objective"": 0.8, ""judge_error"": null}, {""candidate_idx"": 5, ""poem_text"": ""يظهر المشهد الحزين هنا\nيا جوليا إنكار الشوق في\nارسلي القلب لنزاعا داخليا\nوانغماسه يكون في الأمر"", ""fit_score"": 0.5, ""substance_score"": 0.2, ""final_score"": 0.41, ""notes"": ""القصيدة تحاكي مفردات الوصف حرفياً دون بناء دلالي أو صور فنية، وتفتقر لجزئيات الوصف المركزية كالصدر المنكسر والتضاد بين الزيف والصدق. المعنى سطحي ومجزأ لغوياً."", ""judge_latency_sec"": 32.21925711631775, ""overlap_with_original"": 0.08, ""overlap_with_description"": 0.16, ""objective"": 1.1500000000000004, ""judge_error"": null}, {""candidate_idx"": 4, ""poem_text"": ""اجعلي المشهد كصورة حزين\nيا جوليا إنكار الشوق في الظلم\nابعثي القلب للأجسام والأضلاع\nإنكار وانغماسه يظهر في الكلام"", ""fit_score"": 0.85, ""substance_score"": 0.3, ""final_score"": 0.6849999999999999, ""notes"": ""تتطابق القصيدة بدقة مع المفردات والمفاهيم المركزية في الوصف مثل جوليا والمشهد والقلب وإنكار الشوق، مما يرفع درجة التوافق الدلالي. ومع ذلك، تفتقر القصيدة إلى المضمون الشعري العميق، حيث تعتمد على الإخبار المباشر عن المشاعر بدلاً من استحضارها عبر الصور، وتظهر فيها ضعف في الصياغة البلاغية والوزنية، مما يجعلها تبدو كملخص للوصف أكثر من عمل فني مستقل."", ""judge_latency_sec"": 16.36597752571106, ""overlap_with_original"": 0.07142857142857142, ""overlap_with_description"": 0.1509433962264151, ""objective"": 1.2, ""judge_error"": null}, {""candidate_idx"": 6, ""poem_text"": ""يجب أن يظهر المشهد حزينًا\nيا جوليا عليك إنكار الشوق\nنزاعا الداخلي يظهر دائمًا\nالإنكار وانغماسه في الأمر"", ""fit_score"": 0.7, ""substance_score"": 0.3, ""final_score"": 0.58, ""notes"": ""تطابق الكلمات المفتاحية والعناصر (جوليا، النزاع، الإنكار) يضمن توافقًا دلاليًا جيدًا مع الوصف، لكن يغيب التحول الدلالي (الاعتراف) والصور الرمزية (القلب والصدر) المذكورة في الجوهر. أما المضمون الشعري فهو ضعيف جدًا، حيث يقرأ النص كملخص وصفي مباشر دون بناء صور أو إيقاع، مما يجعله فارغًا فنيًا رغم وضوح المعنى."", ""judge_latency_sec"": 16.243160486221313, ""overlap_with_original"": 0.07407407407407407, ""overlap_with_description"": 0.15384615384615385, ""objective"": 1.2, ""judge_error"": null}, {""candidate_idx"": 1, ""poem_text"": ""اجعلي المشهد يبدو حزينًا\nيا جوليا إنكار الشوق وهو يظهر\nأرسلي القلب للأضلاع من نزاعا داخليا\nإنكار وانغماسه في هذا الأمر"", ""fit_score"": 0.9, ""substance_score"": 0.4, ""final_score"": 0.75, ""notes"": ""التوافق الدلالي مرتفع جدًا لالتقاطها العناصر المحورية المذكورة في الوصف (جوليا، النزاع الداخلي، القلب والأضلاع). لكن المادة الشعرية ضعيفة، فالقصيدة تبدو إعادة صياغة حرفية للوصف، وتفتقر للبناء الدلالي العميق أو الصور المجازية المبتكرة، مما يجعلها تبدو إرشادية أكثر منها تعبيرًا شعريًا أصيلًا."", ""judge_latency_sec"": 28.77638006210327, ""overlap_with_original"": 0.06896551724137931, ""overlap_with_description"": 0.16981132075471697, ""objective"": 2.4800000000000004, ""judge_error"": null}, {""candidate_idx"": 2, ""poem_text"": ""تظاهري بالمشهد في المشهد\nيا جوليا إنكار الشوق في الشوق\nارسل القلب للأضلاع للأضلاع\nإنكار وانغماسه ونزاعا داخليا"", ""fit_score"": 0.95, ""substance_score"": 0.45, ""final_score"": 0.7999999999999999, ""notes"": ""التوافق الدلالي تام مع الوصف في الأسماء والرموز والحالة النفسية، لكن القصيدة تفتقر للعمق الشعري وتعتمد على التصريح بالمعنى بدلًا من الإيحاء، مما يقلل من قيمتها الفنية."", ""judge_latency_sec"": 20.842552661895752, ""overlap_with_original"": 0.08, ""overlap_with_description"": 0.13725490196078433, ""objective"": 3.2800000000000002, ""judge_error"": null}]"
2,32667,مجزوء البسيط,2,مدى تفوق شخصية تُشبه يوسف النبوية لكنها تفوقه في جمال العينين، وتبدأ التمثيل بوصف ملكي لصفات لا تُضاهى، ثم تتحول إلى إشادة بقدرة متحدثه على إحياء قصة يوسف بطريقة تضفي عليها زينة جديدة، ليُختَتم بتأكيد فريدية هذا الفرد الذي جسدها في تفاصيل تلامس العينين كمصدر للإعجاب، مع حقول دلالية تجمع بين الملكية والجمال والتفوق الروحي.,"مَلَكتَ رِقّي وَأَنتَ فيهِ
يا حَسَناً جَلَّ عَن شَبيهِ
يا مَن حَكى يوسُفاً وَلَكِن
قَد زينَ في عَينِ مُشتَريهِ","حكيت يوسف فأنت يوسف
في العين تفوقك هو سبب
مدى تفوقك يجعلني أرى
لكن النبوية في غيرك",47.76589250564575,25.41111707687378,73.17700958251953,5,0.55,0.3,0.47500000000000003,0.0,0.057692307692307696,تلتقط الفكرة المركزية (التشبيه بيوسف وتفوق العين) لكنها تغفل البنية الوصفية (الملكية، دور المتحدث، الخاتمة). المعنى ضعيف، الأسطر الثالثة والرابعة فارغة أو جافة.,"### CANDIDATE 1
ملكت رقي وأنت فيه
مدى تفوقك في العين واضح
شخصية تشبه يوسف النبوية
لكنها تفوقه في الجمال

### CANDIDATE 2
تشبه يوسف وتشبه يوسف
تفوقك تفوقك في كل شيء
لكن تفوقه في العين
تفوقك تفوقه يا يوسف

### CANDIDATE 3
مدى تفوقك لا يعرف الناس
في شخصية جميلة جدًا
تشبه يوسف في القصة
لكن تفوقه هو الأقوى

### CANDIDATE 4
زيّنت العين في يوسف
لكنك أنت زينتها أكثر
شخصية تشبه يوسف النبوية
لكن تفوقه في الجمال أتم

### CANDIDATE 5
حكيت يوسف فأنت يوسف
في العين تفوقك هو سبب
مدى تفوقك يجعلني أرى
لكن النبوية في غيرك

### CANDIDATE 6
اعلم أن تفوقك حقيقي
في شخصية تشبه يوسف
لكن تفوقه في العين لا يجهل
وذلك هو مدى حسنك الحقيقي","[{""candidate_idx"": 5, ""poem_text"": ""حكيت يوسف فأنت يوسف\nفي العين تفوقك هو سبب\nمدى تفوقك يجعلني أرى\nلكن النبوية في غيرك"", ""fit_score"": 0.55, ""substance_score"": 0.3, ""final_score"": 0.47500000000000003, ""notes"": ""تلتقط الفكرة المركزية (التشبيه بيوسف وتفوق العين) لكنها تغفل البنية الوصفية (الملكية، دور المتحدث، الخاتمة). المعنى ضعيف، الأسطر الثالثة والرابعة فارغة أو جافة."", ""judge_latency_sec"": 25.41111707687378, ""overlap_with_original"": 0.0, ""overlap_with_description"": 0.057692307692307696, ""objective"": 1.2, ""judge_error"": null}, {""candidate_idx"": 1, ""poem_text"": ""ملكت رقي وأنت فيه\nمدى تفوقك في العين واضح\nشخصية تشبه يوسف النبوية\nلكنها تفوقه في الجمال"", ""fit_score"": 0.6, ""substance_score"": 0.35, ""final_score"": 0.525, ""notes"": ""تلتقط القصيدة المحور الدلالي الرئيسي (مقارنة يوسف وتفوق العين) بوضوح، لكنها تغفل البعد السردي الخاص بقدرة المتكلم على إحياء القصة كما ورد في الوصف، كما أن وصف الملكية ضعيف. من حيث المضمون، اللغة سطحية ومباشرة جدًا، تفتقر إلى الصور الشعرية والعمق، وتبدو كملخص نصي أكثر من قصيدة ذات بناء دلالي قوي."", ""judge_latency_sec"": 18.83542275428772, ""overlap_with_original"": 0.125, ""overlap_with_description"": 0.13725490196078433, ""objective"": 1.7999999999999998, ""judge_error"": null}, {""candidate_idx"": 2, ""poem_text"": ""تشبه يوسف وتشبه يوسف\nتفوقك تفوقك في كل شيء\nلكن تفوقه في العين\nتفوقك تفوقه يا يوسف"", ""fit_score"": 0.55, ""substance_score"": 0.35, ""final_score"": 0.49, ""notes"": ""تلتقط الفكرة المركزية (التشبيه بيوسف وتفوق العين) لكنها تفتقر للطبقات الوصفية والروحية المذكورة. كما تعتمد على التكرار اللفظي البسيط دون عمق دلالي."", ""judge_latency_sec"": 64.55213260650635, ""overlap_with_original"": 0.05, ""overlap_with_description"": 0.061224489795918366, ""objective"": 1.7999999999999998, ""judge_error"": null}, {""candidate_idx"": 6, ""poem_text"": ""اعلم أن تفوقك حقيقي\nفي شخصية تشبه يوسف\nلكن تفوقه في العين لا يجهل\nوذلك هو مدى حسنك الحقيقي"", ""fit_score"": 0.55, ""substance_score"": 0.35, ""final_score"": 0.49, ""notes"": ""fit_score: 0.55 - تلتقط الفكرة المركزية (يوسف والعين) لكنها تفتقر للون الملكي ودور المتحدث في السرد. substance_score: 0.35 - لغة مباشرة وبسيطة تفتقر للصور الشعرية والعمق."", ""judge_latency_sec"": 34.5295135974884, ""overlap_with_original"": 0.0, ""overlap_with_description"": 0.09615384615384616, ""objective"": 1.7999999999999998, ""judge_error"": null}, {""candidate_idx"": 4, ""poem_text"": ""زيّنت العين في يوسف\nلكنك أنت زينتها أكثر\nشخصية تشبه يوسف النبوية\nلكن تفوقه في الجمال أتم"", ""fit_score"": 0.6, ""substance_score"": 0.4, ""final_score"": 0.54, ""notes"": ""القصيدة تلتقط الفكرة المركزية للمقارنة والتفوق في جمال العين، لكنها تغفل عن العناصر الهيكلية في الوصف مثل البدء بوصف ملكي أو الإشادة بقدرة المتحدث على إحياء القصة. كما أن الصياغة مباشرة وتكرارية، تفتقر للصور الشعرية أو العمق الدلالي."", ""judge_latency_sec"": 28.563111305236816, ""overlap_with_original"": 0.0, ""overlap_with_description"": 0.09803921568627451, ""objective"": 2.4000000000000004, ""judge_error"": null}, {""candidate_idx"": 3, ""poem_text"": ""مدى تفوقك لا يعرف الناس\nفي شخصية جميلة جدًا\nتشبه يوسف في القصة\nلكن تفوقه هو الأقوى"", ""fit_score"": 0.3, ""substance_score"": 0.3, ""final_score"": 0.3, ""notes"": ""الوصف يتطلب تفوق الشخص على يوسف في العينين مع وصف ملكي ودور المتحدث، بينما القصيدة تناقض في التفوق (تفوق يوسف أقوى) وتغفل العينين والوصف الملكي، مع لغة عامة تفتقر للبعد الشعري."", ""judge_latency_sec"": 28.872178554534912, ""overlap_with_original"": 0.0, ""overlap_with_description"": 0.09803921568627451, ""objective"": 2.95, ""judge_error"": null}]"
3,73223,الرمل,2,دعوة إلى رحمة ربّانية بمواجهة مَن ابتعدوا عن طريق الحق، وهم يهيمون في ظلام بعد موتهما الروحي. تتحرك المشاعر من الحسرة على ضياع الطريق، إلى التضرع باسم الأرواح التي استقرت في ساحات العطاء والكرامة. يستخدم الشعور بالظلم وغياب الإدراك كصور لتمثيل انحراف الإنسان عن الهدى، بينما تظهر عناوين الرحمة والإرشاد كمخرج من هذا الدمار.,"من لعميان عدوا نهج الهدى
ولمـوتـى بعد موتـى يعـبرون
رب رحــمــاك لركــب نــزلـوا
ساحة الجود ومأوى المعتضين","دعوة للرحمة في طريق الحق
والرحمة للذين ابتعدوا في طريق
وهم يمشون بعد الموت طريق
رحمة ربانية بمواجهة الطريق",30.895968914031982,16.562520265579224,47.458489179611206,2,0.6,0.2,0.48,0.0,0.19148936170212766,القصيدة تلتقط الفكرة المركزية (الرحمة والضياع) وتستخدم مفردات الوصف، لكنها تفتقر للصور الدلالية (الظلام، الظلم) والعمق العاطفي. الجوهر الشعري ضعيف بسبب التكرار اللفظي والعمومية.,"### CANDIDATE 1
دعوة للناس في طريق الحق
والذين ابتعدوا عن الهدى يمشون
رب رحمة لمن نزلوا في الطريق
بمواجهة الناس وهم يمشون

### CANDIDATE 2
دعوة للرحمة في طريق الحق
والرحمة للذين ابتعدوا في طريق
وهم يمشون بعد الموت طريق
رحمة ربانية بمواجهة الطريق

### CANDIDATE 3
دعوة عامة للناس في طريق الحق
ورحمة ربانية للموتى والحيين
ابتعدوا عن الهدى ولم يجدوا طريق
وهم يمشون في الظلام بعد الحق

### CANDIDATE 4
دعوة لمن لم يسلكوا طريق الهدى
والذين ماتوا بعد موتهم في الظلام
رب رحمة على قوم نزلوا في المكان
بمواجهة الحق ومأوى للمتقين

### CANDIDATE 5
دعوة للذين ابتعدوا عن طريق الحق
وهم بعد الموت يمشون في الظلام
رب رحمة على من نزلوا
بمواجهة الحق وهم يهيمون في الظلام

### CANDIDATE 6
دعوة للناس أن يمشوا في طريق
إن الله رحمة ربانية للجميع
ابتعدوا عن الضلال ومواجهة الحق
وهم الذين لا يرون الحق والهدى","[{""candidate_idx"": 2, ""poem_text"": ""دعوة للرحمة في طريق الحق\nوالرحمة للذين ابتعدوا في طريق\nوهم يمشون بعد الموت طريق\nرحمة ربانية بمواجهة الطريق"", ""fit_score"": 0.6, ""substance_score"": 0.2, ""final_score"": 0.48, ""notes"": ""القصيدة تلتقط الفكرة المركزية (الرحمة والضياع) وتستخدم مفردات الوصف، لكنها تفتقر للصور الدلالية (الظلام، الظلم) والعمق العاطفي. الجوهر الشعري ضعيف بسبب التكرار اللفظي والعمومية."", ""judge_latency_sec"": 16.562520265579224, ""overlap_with_original"": 0.0, ""overlap_with_description"": 0.19148936170212766, ""objective"": 0.8, ""judge_error"": null}, {""candidate_idx"": 1, ""poem_text"": ""دعوة للناس في طريق الحق\nوالذين ابتعدوا عن الهدى يمشون\nرب رحمة لمن نزلوا في الطريق\nبمواجهة الناس وهم يمشون"", ""fit_score"": 0.55, ""substance_score"": 0.25, ""final_score"": 0.46, ""notes"": ""تطابق جزئي في الفكرة العامة (دعوة للرحمة للضالين) مع غياب الطبقات الدلالية الأعمق (الموت الروحي، الظلام، الأرواح المستقرة). المضمون ضعيف جدًا بسبب التكرار اللفظي (يمشون) والسطحية، مما يجعلها أقرب لملخص نصي من قصيدة ذات دلالة."", ""judge_latency_sec"": 27.896547555923462, ""overlap_with_original"": 0.06896551724137931, ""overlap_with_description"": 0.1836734693877551, ""objective"": 1.0, ""judge_error"": null}, {""candidate_idx"": 5, ""poem_text"": ""دعوة للذين ابتعدوا عن طريق الحق\nوهم بعد الموت يمشون في الظلام\nرب رحمة على من نزلوا\nبمواجهة الحق وهم يهيمون في الظلام"", ""fit_score"": 0.8, ""substance_score"": 0.3, ""final_score"": 0.6499999999999999, ""notes"": ""التوافق الدلالي المركزي عالٍ حيث تعكس القصيدة جوهر الوصف (الدعوة للرحمة للضالين في الظلام). لكن المادة الشعرية ضعيفة، فالقصيدة تبدو تلخيصًا للوصف دون إضافة دلالية أو بناء شعري مستقل، مما يخفض درجة المصداقية الفنية."", ""judge_latency_sec"": 23.110357522964478, ""overlap_with_original"": 0.03571428571428571, ""overlap_with_description"": 0.16666666666666666, ""objective"": 1.2, ""judge_error"": null}, {""candidate_idx"": 3, ""poem_text"": ""دعوة عامة للناس في طريق الحق\nورحمة ربانية للموتى والحيين\nابتعدوا عن الهدى ولم يجدوا طريق\nوهم يمشون في الظلام بعد الحق"", ""fit_score"": 0.6, ""substance_score"": 0.3, ""final_score"": 0.51, ""notes"": ""تطابق الكلمات المفتاحية والهدف العام، لكنها تفتقر للبعد العاطفي والصور الشعرية المذكورة في الوصف. النص سطحي وشبه نثري، يكرر الفكرة دون بناء دلالي غني."", ""judge_latency_sec"": 17.947914123535156, ""overlap_with_original"": 0.03333333333333333, ""overlap_with_description"": 0.13725490196078433, ""objective"": 1.2, ""judge_error"": null}, {""candidate_idx"": 6, ""poem_text"": ""دعوة للناس أن يمشوا في طريق\nإن الله رحمة ربانية للجميع\nابتعدوا عن الضلال ومواجهة الحق\nوهم الذين لا يرون الحق والهدى"", ""fit_score"": 0.4, ""substance_score"": 0.3, ""final_score"": 0.37, ""notes"": ""تتشارك القصيدة مع الوصف في العناوين العامة (الرحمة، الطريق، الحق) لكنها تغفل الجوهر الدلالي الأعمق المتعلق بالموته الروحي والتضرع للأرواح، وتقتصر على نصيحة عامة. أما من حيث المضمون، فالقصيدة بسيطة جداً وتفتقر إلى الصور الشعرية أو العمق العاطفي، وتبدو أقرب إلى الشعارات الدينية منها إلى قصيدة ذات بناء فني."", ""judge_latency_sec"": 53.45457315444946, ""overlap_with_original"": 0.0, ""overlap_with_description"": 0.13725490196078433, ""objective"": 2.25, ""judge_error"": null}, {""candidate_idx"": 4, ""poem_text"": ""دعوة لمن لم يسلكوا طريق الهدى\nوالذين ماتوا بعد موتهم في الظلام\nرب رحمة على قوم نزلوا في المكان\nبمواجهة الحق ومأوى للمتقين"", ""fit_score"": 0.7, ""substance_score"": 0.4, ""final_score"": 0.61, ""notes"": ""القصيدة تلتقط الفكرة المركزية للوصف (الرحمة للمبتعدين) وتستخدم مفرداته، لكنها تفتقر للعمق الشعري وتقتصر على العبارات العامة دون بناء دلالي قوي."", ""judge_latency_sec"": 36.714430809020996, ""overlap_with_original"": 0.1, ""overlap_with_description"": 0.1111111111111111, ""objective"": 2.4000000000000004, ""judge_error"": null}]"
4,86244,المجتث,9,يُشفِّي قلبًا مُنهكًا من صراعٍ بين الاغتراب والحب، حيث يُخبِّر المخاطَب عن مُضيّه في سفرٍ جعل جسده نحيفًا وقلبه مُؤلمًا، ويُنادي بعذابِ تعلّقه برسولٍ قد يُبدي له العُذر. ينتقل المشهد من تذكّرٍ بحرارةِ اللقاءات السابقة إلى تطلُّبٍ بِالصبرِ على صعوباتٍ مُتكرِّرةٍ في اللقاء والانفصال، مُعبِّرًا عن إرهاقٍ جسديٍّ ونفسيٍّ. يختتمُ بنداءٍ عاجزٍ يطلبُ من المخاطَب أن يُبدي قَدْرَهُ في الفهمِ والإحسان، مُذكِّرًا بِأنَّ الأسى يتسللُ دائمًا إلى الأصلِ. تُشكِّل صورُ المرضِ والضعفِ والسفرِ مجالًا دلاليًّا يعكسُ هشاشةَ العلاقةِ بينَ المتطلِّبِ والمُطلَّبِ.,"يــا مــن يـسـائل عـنـي
قـد هـجـت عـندي غليلا
وزدت قــلبــي ســقـامـاً
وزدت جــســمــي نـحـولا
قـد كـدت من عظم وخمي
ارى الرســول جــمـيـلا
وكــدت مــن حــر وجــدي
اراه عـــنـــك بــديــلا
مــل كــان ضــرك يـومـاً
لو كـدت انـت الرسولا
لكــــن اجـــلك عـــن ان
اســومــك التــثــقـيـلا
وان تــعــانــي صـعـوداً
لمــــنــــزلي ونــــزولا
وان اكــــون عـــليـــلاً
وفـــوق ذاك ثـــقــيــلا
فـافـعـل كـاصلك واحكم
فالفزع يتلو الاصولا","يا من يخبر عني وعن حالي
قد صرت قلباً منهكاً في الحل
قد صرت قلباً منهكاً من الهم
قد صرت قلباً منهكاً من الظمأ
لا يشفي من ألمي هذا الجرح
لا يشفي من ألمي هذا الجرح
هناك صراع بين الحزن والوجع
هناك صراع بين الحزن والوجع
والحب لا يبعد الاغتراب
والحب لا يبعد الاغتراب
قلت للمخاطب اني غريب
قلت للمخاطب اني غريب
لقد ذهبت من بعدك نحيلاً
لقد ذهبت من بعدك نحيلاً
وزادني من هذا السفر تعباً
وزادني من هذا السفر تعباً
ان كنت مريضاً في جسدي وروحي
ان كنت مريضاً في جسدي وروحي",71.9418215751648,31.197778701782227,103.13960027694702,2,0.7,0.3,0.58,0.011235955056179775,0.08888888888888889,تطابق القصيدة المفردات والصور المركزية (السفر، النحافة، الاغتراب، التعب) مع الوصف، لكنها تفتقر للديناميكية العاطفية المذكورة في النهاية. التكرار الميكانيكي للسطور يقلل من العمق الشعري والمقنع، مما يجعل المضمون سطحيًا رغم دلالته الواضحة.,"### CANDIDATE 1
يا من يخبر عني وعن حالي
قد صرت قلباً منهكاً في الحل
لقد صار هذا الهم في قلبي
لا يشفي من ألمي غير السكوت
هناك صراع بين الحزن والوجع
والحب لا يبعد الاغتراب
لقد نحيلا جسدي من بعدك
وصرت أشكو في كل وقتي
قلت للمخاطب اني غريب
في هذه الأرض من بعدك
إن كان الحب يعقد الأمور
فتفهم مني ما لم اقدر ان ابي
لقد ذهبت من بعدك نحيلاً
وزادني من هذا السفر تعباً
ان كنت مريضاً في جسدي وروحي
فتفهم ما في صدري من تعب
لا تخف من الفراق طويلاً
فالحب في القلب هو كل شيء

### CANDIDATE 2
يا من يخبر عني وعن حالي
قد صرت قلباً منهكاً في الحل
قد صرت قلباً منهكاً من الهم
قد صرت قلباً منهكاً من الظمأ
لا يشفي من ألمي هذا الجرح
لا يشفي من ألمي هذا الجرح
هناك صراع بين الحزن والوجع
هناك صراع بين الحزن والوجع
والحب لا يبعد الاغتراب
والحب لا يبعد الاغتراب
قلت للمخاطب اني غريب
قلت للمخاطب اني غريب
لقد ذهبت من بعدك نحيلاً
لقد ذهبت من بعدك نحيلاً
وزادني من هذا السفر تعباً
وزادني من هذا السفر تعباً
ان كنت مريضاً في جسدي وروحي
ان كنت مريضاً في جسدي وروحي

### CANDIDATE 3
يا من يخبر عني وعن الحياة
قد صرت قلباً منهكاً من الزمان
لقد صار هذا الهم كبيراً
لا يشفي من ألمي الزمن
هناك صراع بين الحياة والموت
والحب في كل مكان لا يقدر
الاغتراب في كل وجه نراه
قلت للمخاطب اني خاسر
إن كان الحب هو كل الامل
فتفهم مني ما لم اقدر ان ابي
لقد ذهبت من بعدك نحيلاً
وزادني من هذا السفر تعباً
ان كنت مريضاً في جسدي وروحي
فتفهم ما في صدري من تعب
لا تخف من الفراق طويلاً
فالحب في القلب هو كل شيء
يا من يخبر عني وعن الحيات
قد صرت قلباً منهكاً من الزمان

### CANDIDATE 4
يا من يخبر عني عن الجدار
قد صرت قلباً منهكاً مثل الماء
لقد صار هذا الهم في القلب
لا يشفي من ألمي غير النور
هناك صراع بين السماء والارض
والحب مثل الريح لا يدوم
لقد نحيلا جسدي من بعدك
وصرت أشكو في كل وقتي
قلت للمخاطب اني غائم
في هذه الأرض من بعدك
إن كان الحب يعقد الأمور
فتفهم مني ما لم اقدر ان ابي
لقد ذهبت من بعدك نحيلاً
وزادني من هذا السفر تعباً
ان كنت مريضاً في جسدي وروحي
فتفهم ما في صدري من تعب
لا تخف من الفراق طويلاً
فالحب في القلب هو كل شيء

### CANDIDATE 5
يا من يخبر عني وعن الحبيب
قد صرت قلباً منهكاً من الحب
لقد صار رسولك عندي غريباً
لا يشفي من ألمي غير الغربة
هناك صراع بين الحزن والوجع
والحب هو الاغتراب في النهاية
قلت للمخاطب اني نحيلاً
وزادني من هذا السفر تعباً
ان كنت مريضاً في جسدي وروحي
فتفهم ما في صدري من تعب
لا تخف من الفراق طويلاً
فالحب في القلب هو كل شيء
يا من يخبر عني وعن الحبيب
قد صرت قلباً منهكاً من الحب
لقد صار رسولك عندي غريباً
لا يشفي من ألمي غير الغربة
هناك صراع بين الحزن والوجع
والحب هو الاغتراب في النهاية

### CANDIDATE 6
يا من يخبر عني وعن الواقع
قد صرت قلباً منهكاً من الحق
يجب ان يشفي القلب من الغضب
وقد صار هذا الهم في القلب
هناك صراع بين الحق والباطل
والحب يجب ان يبعد الاغتراب
قلت للمخاطب اني مريض
فتفهم ما في صدري من تعب
ان كنت مريضاً في جسدي وروحي
فتفهم ما في صدري من تعب
لقد ذهبت من بعدك نحيلاً
وزادني من هذا السفر تعباً
ان كنت مريضاً في جسدي وروحي
فتفهم ما في صدري من تعب
لا تخف من الفراق طويلاً
فالحب في القلب هو كل شيء
يجب عليك ان تفهم ما في","[{""candidate_idx"": 2, ""poem_text"": ""يا من يخبر عني وعن حالي\nقد صرت قلباً منهكاً في الحل\nقد صرت قلباً منهكاً من الهم\nقد صرت قلباً منهكاً من الظمأ\nلا يشفي من ألمي هذا الجرح\nلا يشفي من ألمي هذا الجرح\nهناك صراع بين الحزن والوجع\nهناك صراع بين الحزن والوجع\nوالحب لا يبعد الاغتراب\nوالحب لا يبعد الاغتراب\nقلت للمخاطب اني غريب\nقلت للمخاطب اني غريب\nلقد ذهبت من بعدك نحيلاً\nلقد ذهبت من بعدك نحيلاً\nوزادني من هذا السفر تعباً\nوزادني من هذا السفر تعباً\nان كنت مريضاً في جسدي وروحي\nان كنت مريضاً في جسدي وروحي"", ""fit_score"": 0.7, ""substance_score"": 0.3, ""final_score"": 0.58, ""notes"": ""تطابق القصيدة المفردات والصور المركزية (السفر، النحافة، الاغتراب، التعب) مع الوصف، لكنها تفتقر للديناميكية العاطفية المذكورة في النهاية. التكرار الميكانيكي للسطور يقلل من العمق الشعري والمقنع، مما يجعل المضمون سطحيًا رغم دلالته الواضحة."", ""judge_latency_sec"": 31.197778701782227, ""overlap_with_original"": 0.011235955056179775, ""overlap_with_description"": 0.08888888888888889, ""objective"": 1.2, ""judge_error"": null}, {""candidate_idx"": 6, ""poem_text"": ""يا من يخبر عني وعن الواقع\nقد صرت قلباً منهكاً من الحق\nيجب ان يشفي القلب من الغضب\nوقد صار هذا الهم في القلب\nهناك صراع بين الحق والباطل\nوالحب يجب ان يبعد الاغتراب\nقلت للمخاطب اني مريض\nفتفهم ما في صدري من تعب\nان كنت مريضاً في جسدي وروحي\nفتفهم ما في صدري من تعب\nلقد ذهبت من بعدك نحيلاً\nوزادني من هذا السفر تعباً\nان كنت مريضاً في جسدي وروحي\nفتفهم ما في صدري من تعب\nلا تخف من الفراق طويلاً\nفالحب في القلب هو كل شيء\nيجب عليك ان تفهم ما في\nيجب عليك ان تفهم ما في"", ""fit_score"": 0.4, ""substance_score"": 0.3, ""final_score"": 0.37, ""notes"": ""تطابق في العناصر السردية (سفر، مرض، نحافة) مع انحراف في الجوهر الدلالي (صراع الحق والباطل بدل الاغتراب والحب)، والقصيدة ضعيفة البناء مع تكرار مفرط وجمل غير مكتملة في النهاية."", ""judge_latency_sec"": 27.835424423217773, ""overlap_with_original"": 0.010101010101010102, ""overlap_with_description"": 0.08, ""objective"": 2.25, ""judge_error"": null}, {""candidate_idx"": 5, ""poem_text"": ""يا من يخبر عني وعن الحبيب\nقد صرت قلباً منهكاً من الحب\nلقد صار رسولك عندي غريباً\nلا يشفي من ألمي غير الغربة\nهناك صراع بين الحزن والوجع\nوالحب هو الاغتراب في النهاية\nقلت للمخاطب اني نحيلاً\nوزادني من هذا السفر تعباً\nان كنت مريضاً في جسدي وروحي\nفتفهم ما في صدري من تعب\nلا تخف من الفراق طويلاً\nفالحب في القلب هو كل شيء\nيا من يخبر عني وعن الحبيب\nقد صرت قلباً منهكاً من الحب\nلقد صار رسولك عندي غريباً\nلا يشفي من ألمي غير الغربة\nهناك صراع بين الحزن والوجع\nوالحب هو الاغتراب في النهاية"", ""fit_score"": 0.8, ""substance_score"": 0.4, ""final_score"": 0.6799999999999999, ""notes"": ""القصيدة تلتقط المفردات والموضوعات المركزية للوصف بدقة (الغربة، السفر، النحافة، الرسول، التعب، صراع الحب والابتعاد)، مما يرفع درجة التوافق الدلالي. لكن اللغة مباشرة جداً وتفتقر للصور الشعرية، مع تكرار نصي كامل للنصف الأول في النهاية مما يقلل من العمق الفني والقيمة الأدبية، كما أن بعض العبارات تبدو مجردة من البناء الدلالي القوي."", ""judge_latency_sec"": 27.13901686668396, ""overlap_with_original"": 0.01020408163265306, ""overlap_with_description"": 0.08080808080808081, ""objective"": 2.4000000000000004, ""judge_error"": null}, {""candidate_idx"": 3, ""poem_text"": ""يا من يخبر عني وعن الحياة\nقد صرت قلباً منهكاً من الزمان\nلقد صار هذا الهم كبيراً\nلا يشفي من ألمي الزمن\nهناك صراع بين الحياة والموت\nوالحب في كل مكان لا يقدر\nالاغتراب في كل وجه نراه\nقلت للمخاطب اني خاسر\nإن كان الحب هو كل الامل\nفتفهم مني ما لم اقدر ان ابي\nلقد ذهبت من بعدك نحيلاً\nوزادني من هذا السفر تعباً\nان كنت مريضاً في جسدي وروحي\nفتفهم ما في صدري من تعب\nلا تخف من الفراق طويلاً\nفالحب في القلب هو كل شيء\nيا من يخبر عني وعن الحيات\nقد صرت قلباً منهكاً من الزمان"", ""fit_score"": 0.6, ""substance_score"": 0.4, ""final_score"": 0.54, ""notes"": ""تطابق جيد في صور السفر والنحافة والإرهاق وطلب التفهم، لكن يغيب السياق المحدد للرسول والنهاية الفلسفية في الوصف. القصيدة بسيطة لغوياً وتفتقر لعمق بصري أو دلالي متين."", ""judge_latency_sec"": 25.501179695129395, ""overlap_with_original"": 0.009345794392523364, ""overlap_with_description"": 0.07407407407407407, ""objective"": 2.4000000000000004, ""judge_error"": null}, {""candidate_idx"": 1, ""poem_text"": ""يا من يخبر عني وعن حالي\nقد صرت قلباً منهكاً في الحل\nلقد صار هذا الهم في قلبي\nلا يشفي من ألمي غير السكوت\nهناك صراع بين الحزن والوجع\nوالحب لا يبعد الاغتراب\nلقد نحيلا جسدي من بعدك\nوصرت أشكو في كل وقتي\nقلت للمخاطب اني غريب\nفي هذه الأرض من بعدك\nإن كان الحب يعقد الأمور\nفتفهم مني ما لم اقدر ان ابي\nلقد ذهبت من بعدك نحيلاً\nوزادني من هذا السفر تعباً\nان كنت مريضاً في جسدي وروحي\nفتفهم ما في صدري من تعب\nلا تخف من الفراق طويلاً\nفالحب في القلب هو كل شيء"", ""fit_score"": 0.55, ""substance_score"": 0.4, ""final_score"": 0.505, ""notes"": ""تلتقط القصيدة المفردات الأساسية (الغربة، السفر، النحافة) لكنها تفتقد تفاصيل سرية جوهرية في الوصف مثل ذكر \""الرسول\"" أو \""اللقاءات السابقة\""، مما يخفض fit_score. أما substance_score فتنخفض بسبب التكرار الواضح للألفاظ والأفكار (النحافة، الفهم) والاعتماد على عبارات عامة في الختام."", ""judge_latency_sec"": 68.77600908279419, ""overlap_with_original"": 0.00909090909090909, ""overlap_with_description"": 0.07207207207207207, ""objective"": 2.4000000000000004, ""judge_error"": null}, {""candidate_idx"": 4, ""poem_text"": ""يا من يخبر عني عن الجدار\nقد صرت قلباً منهكاً مثل الماء\nلقد صار هذا الهم في القلب\nلا يشفي من ألمي غير النور\nهناك صراع بين السماء والارض\nوالحب مثل الريح لا يدوم\nلقد نحيلا جسدي من بعدك\nوصرت أشكو في كل وقتي\nقلت للمخاطب اني غائم\nفي هذه الأرض من بعدك\nإن كان الحب يعقد الأمور\nفتفهم مني ما لم اقدر ان ابي\nلقد ذهبت من بعدك نحيلاً\nوزادني من هذا السفر تعباً\nان كنت مريضاً في جسدي وروحي\nفتفهم ما في صدري من تعب\nلا تخف من الفراق طويلاً\nفالحب في القلب هو كل شيء"", ""fit_score"": 0.75, ""substance_score"": 0.5, ""final_score"": 0.6749999999999999, ""notes"": ""القصيدة تلتقط الصور الدلالية المركزية (السفر، النحافة، التعب، طلب الفهم) بدقة، مما يرفع درجة التوافق، رغم غياب الإشارة المباشرة لشخصية 'الرسول' في الوصف وتباين الخاتمة. أما من حيث المضمون، فالقصيدة تعتمد على عبارات عامة ومتكررة (مثل الريح، الحب كل شيء) مع تكرار للمفاهيم وأخطاء لغوية طفيفة، مما يقلل من عمقها الشعري رغم وضوح المعنى العام."", ""judge_latency_sec"": 38.86695122718811, ""overlap_with_original"": 0.009259259259259259, ""overlap_with_description"": 0.06363636363636363, ""objective"": 3.6, ""judge_error"": null}]"
5,67279,الوافر,5,حملة عسكرية ناجحة تُظهر قوة وفخر الجند، حيث تظهر الخيل بجمالها وسلاسة حركتها كأنها طيور العقاب المدربة. يتحول المشهد من الاستعداد للمعركة إلى الانتصار الساحق الذي دمر جيوش العدو وأعاد الغنائم. يعمّ الفخر والاعتزاز عبر الصور الحارقة لوجوه الكرام التي هُزِمت في مواجهة النقع القوي. الغرض يشير إلى مدح القوة العسكرية وإعلاء شأن الفرسان الأبطال.,"جَلَبنَا الخَيلَ مِن كَنَفَي أَريكٍ
عَـوابِـسَ يَـطَّلـِعـنَ مِـنَ النِقابِ
كَــأَنَّ إِنـاثَهـا عِـقـبـانُ دَجـنٍ
إِذا طُـؤطِـئنَ فـي بَـلَدٍ يَـبـابِ
صَـبَـحـنـاهُـنَّ عَـن عُـرُضٍ تَـميماً
وَأَتـلَفَ رَكـضُـنـا جَمعَ الرِبابِ
فَـأَفـنَـيـنـا جُـمـوعَهُـمُ بِـثَـأجٍ
وَكَــرَّت بِـالغَـنـائِمِ وَالنِهـابِ
فَــكَـم عَـفَّرنَ مِـن وَجـهٍ كَـريـمٍ
غَـداةَ لَقـيـتُهُـم وَالنَقعُ كابِ","نحن حدثنا عن الحملةِ العسكريّة
كانت ناجحةً ظَهرَت القوّة
الخيلُ كانت تُظهرُ الفخر
الجندُ ظَفَرنَا بالنصرِ
الغنائمُ كَثُرَتْ في النهاية
نحن فرحنا بالغنائمِ
وَجْهُ الكِرمِ هُزمَ في الحرب
هذا هو الفخرُ للجُندِ
هذا هو الفخرُ للجُندِ
هذا هو الفخرُ للجُندِ",51.91788983345032,23.471657514572144,75.38954734802246,6,0.6,0.2,0.48,0.016666666666666666,0.125,التوافق الدلالي متوسط لوجود المحاور الأساسية (النصر، الغنائم، الفخر) رغم غياب الصور البلاغية الدقيقة في الوصف. المصداقية الشعرية منخفضة بسبب السطحية اللغوية، التكرار غير المبرر، وطبيعة النص التي تشبه التقرير أكثر من الشعر.,"### CANDIDATE 1
جَلبْنَا الخيلَ في الحملةِ
عسكريّةٌ ناجحةٌ وتُظهِرُ القـوةَ
يَظْهُرُ الفخرُ في وجـهِ الجـندِ
الخيلُ مَرّت بِسَلاسةٍ وَبِـنَـهـبِ
رَكضُهمْ دَمرَ عدوَّهم في المِداد
الغنائمُ كثرت بعدَ النصرِ
كَم وَجْهٍ كُرسَ وَهوَ كَريمٌ
نَحنُ ظَفَرنَا وَلمْ نخـشَ الغَيمَ

### CANDIDATE 2
جَلبْنَا الخيلَ في الخيلِ
حملةٌ ناجحةٌ في الحملةِ
تُظهِرُ الخيلُ قوّةً في الخيلِ
والفخرُ في وجـهِ الجندِ
الجندُ يَركضونَ بالجندِ
الغنائمُ جُمعتْ في الغنائمِ
وَجْهُ الكِرمِ دُمّرَ في الدمارِ
الخيلُ مَرّت بِالفخرِ

### CANDIDATE 3
حملةٌ عسكريةٌ عملنا ناجحةٌ
تظهرُ فيها قوةٌ وفخرٌ للجندِ
الخيلُ مَرّت في الميدانِ
دَمرتْ جموعَ الأعداءِ
نحن ظَفَرنَا بِالقوةِ
الغنائمُ كانت مع الجندِ
وَجْهُ كريـمٌ هُزمَ بِالقوةِ
هذا هو الفخرُ في الحربِ

### CANDIDATE 4
جلبنا الخيل كأنها طيور
الخيل كأنها عُقـابٌ في الهواء
مَرّت الخيلُ بِجمعِ الجندِ
هي تُظهِرُ قوّةً وفخرَ الجندِ
الحملةُ ناجحةٌ في الظهور
الغنائمُ كُتبتْ بالنجاحِ
الخيلُ دَمرتْ وجـوهَ الأعداء
نحن ظَفَرنَا بِكُلِّ الفخرِ

### CANDIDATE 5
الخيلُ جلبنا الجندَ في الحملة
نجاحٌ للحملةِ عسكريّة
قوةٌ في الخيلِ تظهرُ
الفخرُ في وجـهِ الجندِ
الغنائمُ جمعناها بالجند
الخيلُ دَمرتْ وجهَ الكِرمِ
الحملةُ ناجحةٌ في الظهور
نحن ظَفَرنَا بالغنائمِ

### CANDIDATE 6
نحن حدثنا عن الحملةِ العسكريّة
كانت ناجحةً ظَهرَت القوّة
الخيلُ كانت تُظهرُ الفخر
الجندُ ظَفَرنَا بالنصرِ
الغنائمُ كَثُرَتْ في النهاية
نحن فرحنا بالغنائمِ
وَجْهُ الكِرمِ هُزمَ في الحرب
هذا هو الفخرُ للجُندِ","[{""candidate_idx"": 6, ""poem_text"": ""نحن حدثنا عن الحملةِ العسكريّة\nكانت ناجحةً ظَهرَت القوّة\nالخيلُ كانت تُظهرُ الفخر\nالجندُ ظَفَرنَا بالنصرِ\nالغنائمُ كَثُرَتْ في النهاية\nنحن فرحنا بالغنائمِ\nوَجْهُ الكِرمِ هُزمَ في الحرب\nهذا هو الفخرُ للجُندِ\nهذا هو الفخرُ للجُندِ\nهذا هو الفخرُ للجُندِ"", ""fit_score"": 0.6, ""substance_score"": 0.2, ""final_score"": 0.48, ""notes"": ""التوافق الدلالي متوسط لوجود المحاور الأساسية (النصر، الغنائم، الفخر) رغم غياب الصور البلاغية الدقيقة في الوصف. المصداقية الشعرية منخفضة بسبب السطحية اللغوية، التكرار غير المبرر، وطبيعة النص التي تشبه التقرير أكثر من الشعر."", ""judge_latency_sec"": 23.471657514572144, ""overlap_with_original"": 0.016666666666666666, ""overlap_with_description"": 0.125, ""objective"": 0.8, ""judge_error"": null}, {""candidate_idx"": 1, ""poem_text"": ""جَلبْنَا الخيلَ في الحملةِ\nعسكريّةٌ ناجحةٌ وتُظهِرُ القـوةَ\nيَظْهُرُ الفخرُ في وجـهِ الجـندِ\nالخيلُ مَرّت بِسَلاسةٍ وَبِـنَـهـبِ\nرَكضُهمْ دَمرَ عدوَّهم في المِداد\nالغنائمُ كثرت بعدَ النصرِ\nكَم وَجْهٍ كُرسَ وَهوَ كَريمٌ\nنَحنُ ظَفَرنَا وَلمْ نخـشَ الغَيمَ\nنَحنُ ظَفَرنَا وَلمْ نخـشَ الغَيمَ\nنَحنُ ظَفَرنَا وَلمْ نخـشَ الغَيمَ"", ""fit_score"": 0.85, ""substance_score"": 0.25, ""final_score"": 0.6699999999999999, ""notes"": ""القصيدة تلتقط الجوهر الدلالي للوصف بدقة عالية من حيث الموضوع (حملة، نصر، خيل، غنائم) مما يرفع fit_score. أما substance_score فمخفض بسبب اللغة النثرية المباشرة، الصور الضعيفة (في المِداد)، والتكرار غير الفني في الأبيات الأخيرة."", ""judge_latency_sec"": 29.110124111175537, ""overlap_with_original"": 0.045454545454545456, ""overlap_with_description"": 0.08108108108108109, ""objective"": 1.0, ""judge_error"": null}, {""candidate_idx"": 5, ""poem_text"": ""الخيلُ جلبنا الجندَ في الحملة\nنجاحٌ للحملةِ عسكريّة\nقوةٌ في الخيلِ تظهرُ\nالفخرُ في وجـهِ الجندِ\nالغنائمُ جمعناها بالجند\nالخيلُ دَمرتْ وجهَ الكِرمِ\nالحملةُ ناجحةٌ في الظهور\nنحن ظَفَرنَا بالغنائمِ\nنحن ظَفَرنَا بالغنائمِ\nنحن ظَفَرنَا بالغنائمِ"", ""fit_score"": 0.55, ""substance_score"": 0.25, ""final_score"": 0.46, ""notes"": ""القصيدة تلتقط المفردات العامة (حملة، خيل، غنائم) لكنها تفتقر للصور الدلالية الدقيقة (العقاب، سلاسة الحركة) وتحتوي على تكرار ممل. المضمون سطحي ويشبه الجمل الخبرية المنقحة، مما يقلل من قيمتها الشعرية والدلالية."", ""judge_latency_sec"": 25.684361457824707, ""overlap_with_original"": 0.05263157894736842, ""overlap_with_description"": 0.12698412698412698, ""objective"": 1.0, ""judge_error"": null}, {""candidate_idx"": 3, ""poem_text"": ""حملةٌ عسكريةٌ عملنا ناجحةٌ\nتظهرُ فيها قوةٌ وفخرٌ للجندِ\nالخيلُ مَرّت في الميدانِ\nدَمرتْ جموعَ الأعداءِ\nنحن ظَفَرنَا بِالقوةِ\nالغنائمُ كانت مع الجندِ\nوَجْهُ كريـمٌ هُزمَ بِالقوةِ\nهذا هو الفخرُ في الحربِ\nهذا هو الفخرُ في الحربِ\nهذا هو الفخرُ في الحربِ"", ""fit_score"": 0.9, ""substance_score"": 0.3, ""final_score"": 0.72, ""notes"": ""القصيدة تحقق تطابقاً دلالياً قوياً مع جوهر الوصف (النصر، الخيل، الغنائم، الفخر العسكري)، لكنها تفتقر إلى العمق الشعري والصور البلاغية، وتعتمد على التكرار المباشر والجمود اللغوي مما يقلل من قيمتها الفنية."", ""judge_latency_sec"": 29.525837421417236, ""overlap_with_original"": 0.01639344262295082, ""overlap_with_description"": 0.15873015873015872, ""objective"": 1.28, ""judge_error"": null}, {""candidate_idx"": 4, ""poem_text"": ""جلبنا الخيل كأنها طيور\nالخيل كأنها عُقـابٌ في الهواء\nمَرّت الخيلُ بِجمعِ الجندِ\nهي تُظهِرُ قوّةً وفخرَ الجندِ\nالحملةُ ناجحةٌ في الظهور\nالغنائمُ كُتبتْ بالنجاحِ\nالخيلُ دَمرتْ وجـوهَ الأعداء\nنحن ظَفَرنَا بِكُلِّ الفخرِ\nنحن ظَفَرنَا بِكُلِّ الفخرِ\nنحن ظَفَرنَا بِكُلِّ الفخرِ"", ""fit_score"": 0.9, ""substance_score"": 0.3, ""final_score"": 0.72, ""notes"": ""التوافق الدلالي عالٍ جداً حيث تغطي القصيدة جميع عناصر الوصف (الخيل، الفخر، الانتصار، الغنائم). لكن المادة الشعرية ضعيفة جداً، تعتمد على التكرار الحرفي للسطر الأخير، واللغة ساذجة ومباشرة تفتقر للبناء الفني أو العمق الدلالي، مما يجعلها أقرب للتلخيص النثري منها لشعر ذي قيمة."", ""judge_latency_sec"": 14.98356008529663, ""overlap_with_original"": 0.03278688524590164, ""overlap_with_description"": 0.15625, ""objective"": 1.28, ""judge_error"": null}, {""candidate_idx"": 2, ""poem_text"": ""جَلبْنَا الخيلَ في الخيلِ\nحملةٌ ناجحةٌ في الحملةِ\nتُظهِرُ الخيلُ قوّةً في الخيلِ\nوالفخرُ في وجـهِ الجندِ\nالجندُ يَركضونَ بالجندِ\nالغنائمُ جُمعتْ في الغنائمِ\nوَجْهُ الكِرمِ دُمّرَ في الدمارِ\nالخيلُ مَرّت بِالفخرِ\nالخيلُ مَرّت بِالفخرِ\nالخيلُ مَرّت بِالفخرِ"", ""fit_score"": 0.2, ""substance_score"": 0.1, ""final_score"": 0.16999999999999998, ""notes"": ""القصيدة تستخدم مفردات الوصف لكنها تفقد المعنى عبر التكرار التافه والجمل غير المنطقية. لا توجد صورة دلالية حقيقية أو سرد للحملة، مما يجعلها فارغة من الجوهر الدلالي المركزي."", ""judge_latency_sec"": 42.19889974594116, ""overlap_with_original"": 0.05454545454545454, ""overlap_with_description"": 0.13114754098360656, ""objective"": 2.85, ""judge_error"": null}]"
6,29798,مجزوء الخفيف,5,"وصف مباشر:  
يُبرز المحتوى تكريمًا لشخصية شريفة تُعتدّ بها، تُظهر في تواضعها قوة، وفي صدقها دليلًا على نقاء، وتشير إلى مواقفها في التخفيف عن المكروبين. يحمل الصوت نبرة تذمّر خفيفة من تقلبات الزمان التي تُهدّد المتمسّكين بالعزة، مع دعوة للوقوف بجانبهم. تتناسب الصور مع حقول الأدلة والشفافية، والاعتماد على النفس، وسط تحوّل من التقدير إلى التحذير، في ختام يُعبّر عن تطلّب الحماية من الظروف الصعبة.","إنَّ عبدَ العَزيزِ شَيْخٌ
بِهِ يُكشَفُ الشَّبَهْ
وترى للخَليلِ فيهِ
وأقرانِهِ شَبَهْ
وهْوَ لاشَكَّ شاهِدٌ
أنَّ إبريقَنا شَبَهْ
يا مَنْ تواضُعُهُ عَوْنٌ وسؤدُدُهْ
نَجْدٌ وهِمَّتُهُ التَّفريجُ للِكُرَبِ
أَوصِ الزَّمانَ بحِفظي مِن نَوائِبِه
فإن أحداثَهُنَّ السُّودَ تلعَبُ بي","يا رجل يجب أن تكون
وصف مباشر يبرز العظمة
يبرز المحتوى تكريما لشخصية
ابدأ بالتواضع في الزمان
عبد العزيز شيخٌ من خير
تعتدّ على النفس بالخير
التواضع عونه للناس في
أوصي الزمان بحفظك من
النوائب التي تلعب
اجلس في السلام",84.54698085784912,25.91155505180359,110.45853590965271,6,0.6,0.3,0.51,0.1111111111111111,0.14285714285714285,القصيدة تلتقط العناصر الدلالية الأساسية من الوصف (الاسم، التواضع، الزمان، الحماية) مما يضمن توافقًا دلاليًا متوسطًا، لكنها تحتوي على عبارات وصفية من الوصف نفسه (مثل 'يبرز المحتوى') مما يجعلها ذاتية وتفتقر للبناء الشعري. وجود جملة ناقصة وضعف البنية يخفضان المصداقية.,"### CANDIDATE 1
وصف مباشر لشاعر في الزمان
عبد العزيز شيخٌ تعتد به
فيه قوة ونقاء في كل
التواضع عونه للكروب
يزيل النكبات عن الوجه
الزمان ينوب عن الحفظ
تلعبه الأحداث في المكان
أوصي الزمان بحفظي من
النوائب السود التي
تلعب بهيئة السواد

### CANDIDATE 2
عبد العزيز شَيْخٌ شَيْخ
بِهِ يُكشَفُ الشَّبَهْ شَبَهْ
الخليل شبيهٌ لأقران
والأقران شبيهٌ في
شاهدٌ شاهدٌ على
الإبريق شَبَهٌ في
العَوْن عَوْنٌ للكُرَبِ
التَّفريجُ تفريجٌ لل
نَوَائِب النَوَائِبِ تنوب
تلعَبُ تلعَبٌ في

### CANDIDATE 3
وصف لمحتوى القصيدة يبرز
تكريما لذكرى في الزمان
كل الناس تعتدّون بالرجل
فيه خير وكثرة في
الزمان فيه نكبات كثيرة
تلعَبُ بالأحداث السود
فلا تدع النوائب تضر
حيازة الحفظ للأشياء
وصف مباشر للمكان
تكريما للمحتوى والوصف

### CANDIDATE 4
عبد العزيز مثل رجل
في الوصف المباشر اسمه
فيه شبه كمثل الإبريق
الخليل شاهدٌ على الكأس
التواضع مثل العون في
الكروب مثل الظل في
الزمان يلعب مثل الكلب
أوصي الزمان بحفظي منه
النوائب مثل الريح
تلعَبُ في كل يوم

### CANDIDATE 5
وصف مباشر لشخصية شريفة
يبرز المحتوى تكريما للذكر
عبد العزيز شيخٌ في الزمان
الإبريق يبرز التواضع
الخليل شبيهٌ للأقران
والزمان يلعب بالإبريق
نعتدّ على الزمن في
العون يأتي من النوائب
الكروب تلعب في المحتوى
تلعَبُ بي الأحداث في

### CANDIDATE 6
يا رجل يجب أن تكون
وصف مباشر يبرز العظمة
يبرز المحتوى تكريما لشخصية
ابدأ بالتواضع في الزمان
عبد العزيز شيخٌ من خير
تعتدّ على النفس بالخير
التواضع عونه للناس في
أوصي الزمان بحفظك من
النوائب التي تلعب
اجلس في السلام","[{""candidate_idx"": 6, ""poem_text"": ""يا رجل يجب أن تكون\nوصف مباشر يبرز العظمة\nيبرز المحتوى تكريما لشخصية\nابدأ بالتواضع في الزمان\nعبد العزيز شيخٌ من خير\nتعتدّ على النفس بالخير\nالتواضع عونه للناس في\nأوصي الزمان بحفظك من\nالنوائب التي تلعب\nاجلس في السلام"", ""fit_score"": 0.6, ""substance_score"": 0.3, ""final_score"": 0.51, ""notes"": ""القصيدة تلتقط العناصر الدلالية الأساسية من الوصف (الاسم، التواضع، الزمان، الحماية) مما يضمن توافقًا دلاليًا متوسطًا، لكنها تحتوي على عبارات وصفية من الوصف نفسه (مثل 'يبرز المحتوى') مما يجعلها ذاتية وتفتقر للبناء الشعري. وجود جملة ناقصة وضعف البنية يخفضان المصداقية."", ""judge_latency_sec"": 25.91155505180359, ""overlap_with_original"": 0.1111111111111111, ""overlap_with_description"": 0.14285714285714285, ""objective"": 1.2, ""judge_error"": null}, {""candidate_idx"": 3, ""poem_text"": ""وصف لمحتوى القصيدة يبرز\nتكريما لذكرى في الزمان\nكل الناس تعتدّون بالرجل\nفيه خير وكثرة في\nالزمان فيه نكبات كثيرة\nتلعَبُ بالأحداث السود\nفلا تدع النوائب تضر\nحيازة الحفظ للأشياء\nوصف مباشر للمكان\nتكريما للمحتوى والوصف"", ""fit_score"": 0.45, ""substance_score"": 0.2, ""final_score"": 0.375, ""notes"": ""النص المقدم يشبه وصفاً إرشادياً أو ملخصاً أكثر من كونه قصيدة فعلية، حيث يحتوي على عبارات مثل 'وصف لمحتوى القصيدة'. رغم التقارب الدلالي في المحاور (التكريم، الزمان، النكبات) مع الوصف، إلا أن غياب البنية الشعرية والصور يجعل التوافق الدلالي السطحي غير كافٍ. المحتوى فارغ من المعنى الشعري الحقيقي ويعتمد على الألفاظ الوصفية."", ""judge_latency_sec"": 25.680013179779053, ""overlap_with_original"": 0.05454545454545454, ""overlap_with_description"": 0.0684931506849315, ""objective"": 1.5000000000000002, ""judge_error"": null}, {""candidate_idx"": 4, ""poem_text"": ""عبد العزيز مثل رجل\nفي الوصف المباشر اسمه\nفيه شبه كمثل الإبريق\nالخليل شاهدٌ على الكأس\nالتواضع مثل العون في\nالكروب مثل الظل في\nالزمان يلعب مثل الكلب\nأوصي الزمان بحفظي منه\nالنوائب مثل الريح\nتلعَبُ في كل يوم"", ""fit_score"": 0.45, ""substance_score"": 0.3, ""final_score"": 0.405, ""notes"": ""التطابق يقتصر على الأسماء والمفاهيم العامة (الزمان، الحماية) دون استيعاب عمق وصف الشرف والنقاء. جودة القصيدة منخفضة بسبب عدم اكتمال الجمل واستعارات ضعيفة."", ""judge_latency_sec"": 74.10654211044312, ""overlap_with_original"": 0.14583333333333334, ""overlap_with_description"": 0.013513513513513514, ""objective"": 1.9000000000000001, ""judge_error"": null}, {""candidate_idx"": 5, ""poem_text"": ""وصف مباشر لشخصية شريفة\nيبرز المحتوى تكريما للذكر\nعبد العزيز شيخٌ في الزمان\nالإبريق يبرز التواضع\nالخليل شبيهٌ للأقران\nوالزمان يلعب بالإبريق\nنعتدّ على الزمن في\nالعون يأتي من النوائب\nالكروب تلعب في المحتوى\nتلعَبُ بي الأحداث في"", ""fit_score"": 0.35, ""substance_score"": 0.15, ""final_score"": 0.29, ""notes"": ""القصيدة تخلط بين النص الشعري والنص الوصفي (مثل 'وصف مباشر' و'في المحتوى')، وتنتهي بجمل غير مكتملة، مما يفقدها البنية الدلالية المتكاملة. رغم ذكر الاسم والمواضيع الأساسية (الزمان، التواضع)، إلا أن الغياب التام للتماسك والصور غير الواضحة يقلل من المطابقة الجوهرية مع وصف الغرض والشكل المطلوب."", ""judge_latency_sec"": 24.79777503013611, ""overlap_with_original"": 0.11320754716981132, ""overlap_with_description"": 0.11267605633802817, ""objective"": 2.0000000000000004, ""judge_error"": null}, {""candidate_idx"": 2, ""poem_text"": ""عبد العزيز شَيْخٌ شَيْخ\nبِهِ يُكشَفُ الشَّبَهْ شَبَهْ\nالخليل شبيهٌ لأقران\nوالأقران شبيهٌ في\nشاهدٌ شاهدٌ على\nالإبريق شَبَهٌ في\nالعَوْن عَوْنٌ للكُرَبِ\nالتَّفريجُ تفريجٌ لل\nنَوَائِب النَوَائِبِ تنوب\nتلعَبُ تلعَبٌ في"", ""fit_score"": 0.3, ""substance_score"": 0.2, ""final_score"": 0.27, ""notes"": ""الوصف يتطلب سرداً متماسكاً (تكريم، تحذير، حماية)، بينما القصيدة مقاطع مفككة. هناك تداخل دلالي سطحي في مفردات العون والكرب، لكن البنية النحوية غير مكتملة (نهاية الجمل بحروف جر)، مما يقلل المصداقية الدلالية."", ""judge_latency_sec"": 25.207621812820435, ""overlap_with_original"": 0.2682926829268293, ""overlap_with_description"": 0.0, ""objective"": 2.5500000000000007, ""judge_error"": null}, {""candidate_idx"": 1, ""poem_text"": ""وصف مباشر لشاعر في الزمان\nعبد العزيز شيخٌ تعتد به\nفيه قوة ونقاء في كل\nالتواضع عونه للكروب\nيزيل النكبات عن الوجه\nالزمان ينوب عن الحفظ\nتلعبه الأحداث في المكان\nأوصي الزمان بحفظي من\nالنوائب السود التي\nتلعب بهيئة السواد"", ""fit_score"": 0.8, ""substance_score"": 0.5, ""final_score"": 0.71, ""notes"": ""تطابق القصيدة المحاور المركزية للوصف (مدح شخصية، صفات، تهديد الزمان، طلب حماية) بشكل جيد، لكن هناك انحراف طفيف في اتجاه الطلب (لنفسه بدلًا من الدعوة للوقوف بجانبه). كما أن البناء الشعري ضعيف والألفاظ عامة وبسيطة جدًا، مما يقلل من عمقها الفني رغم وضوح المعنى."", ""judge_latency_sec"": 26.325413703918457, ""overlap_with_original"": 0.1346153846153846, ""overlap_with_description"": 0.0821917808219178, ""objective"": 3.6, ""judge_error"": null}]"
7,42466,مجزوء الكامل,2,يصف التأثير المُؤلم لظلم سلطةٍ تُخفي وراء سُكرها الظاهري حقيقةً مريرةً، حيث يظهر تناقض بين لطف ظاهر وقسوة مُغلفة، ليُبرز معاناة المُضطهدين في دنيا مُغشاةٍ بأقنعةِ الراحة. يتحول الصوت من توجسٍ تجاه العدالة المفقودة إلى إدانةٍ للوهم الذي يُغري القلوبَ بوعودٍ كاذبة، فيُضيء التحديات التي تواجهها الأرواحُ المُحبطة. تُستدعى صورٌ مُتناقضة كالسكُر الطيب والخمار الشاق، لتعكس حقلًا دلاليًا يجمع بين الرضا الزائف والكُرب المُخفي، مما يُشير إلى غرضٍ انتقادٍ لواقعٍ يُضللُ المُتطلعينَ إلى الأمان.,"كَم تائِهٍ بِوِلايَةٍ
وَبِعَذلِهِ يَعدو البَريد
سُكرُ الوِلايَةِ طَيِّبٌ
وَخُمارُها صَعبٌ شَديد","يجب أن نعلم لظلم سلطةٍ
يصف التأثير المؤلم لها
تخفي وراء سكرها الحقيقة
وهذا هو الواقع المؤلم جدًا",99.4591977596283,20.154268503189087,119.61346626281738,6,0.7,0.2,0.5499999999999999,0.0,0.1111111111111111,تتطابق القصيدة مع المفردات والموضوع المركزي في الوصف، لكنها تفتقر للبناء الفني وتبدو كملخص نصي للوصف نفسه، مما يجعلها فارغة من المعنى الشعري رغم دقة المطابقة الموضوعية.,"### CANDIDATE 1
يصف التأثير المؤلم لظلم سلطةٍ
تخفي وراء سكرها الحقيقة مرّة
يبدو الأمر لطيفًا ظاهريًا
لكن المعاناة واضحة جدًا

### CANDIDATE 2
لظلم سلطةٍ سكرُها سكرٌ
يصف التأثير المؤلم للتأثير
تخفي وراء سكرها وراء سكرها
سلطةٌ لظلمٍ سكرُها سكرٌ

### CANDIDATE 3
هناك تأثير مؤلم لظلم سلطةٍ كبيرة
تخفي وراء سكرها أشياء كثيرة
يصف الأمر الواقع كما هو
لكنه يبدو بعيدًا عن الحقيقة

### CANDIDATE 4
سكرُها يبدو طيبًا ولكن
يصف التأثير المؤلم لظلم
سلطةٌ تخفي وراء سكرها
لكن الحقيقة ليست سكرًا

### CANDIDATE 5
يصف التأثير المؤلم لظلم
سكرُها وراء سلطةٍ تخفي
يذهب البريد إلى سكرها
لظلم السلطة يخفي التأثير

### CANDIDATE 6
يجب أن نعلم لظلم سلطةٍ
يصف التأثير المؤلم لها
تخفي وراء سكرها الحقيقة
وهذا هو الواقع المؤلم جدًا","[{""candidate_idx"": 6, ""poem_text"": ""يجب أن نعلم لظلم سلطةٍ\nيصف التأثير المؤلم لها\nتخفي وراء سكرها الحقيقة\nوهذا هو الواقع المؤلم جدًا"", ""fit_score"": 0.7, ""substance_score"": 0.2, ""final_score"": 0.5499999999999999, ""notes"": ""تتطابق القصيدة مع المفردات والموضوع المركزي في الوصف، لكنها تفتقر للبناء الفني وتبدو كملخص نصي للوصف نفسه، مما يجعلها فارغة من المعنى الشعري رغم دقة المطابقة الموضوعية."", ""judge_latency_sec"": 20.154268503189087, ""overlap_with_original"": 0.0, ""overlap_with_description"": 0.1111111111111111, ""objective"": 0.8, ""judge_error"": null}, {""candidate_idx"": 3, ""poem_text"": ""هناك تأثير مؤلم لظلم سلطةٍ كبيرة\nتخفي وراء سكرها أشياء كثيرة\nيصف الأمر الواقع كما هو\nلكنه يبدو بعيدًا عن الحقيقة"", ""fit_score"": 0.6, ""substance_score"": 0.2, ""final_score"": 0.48, ""notes"": ""التوافق الدلالي متوسط لوجود المفردات الأساسية (السلطة، السكر، الظلم) لكن دون استحضار عمق التناقض أو المعاناة الموصوفة في الوصف. المضمون ضعيف جدًا لكونه نثرًا مفسرًا للوصف نفسه دون بناء شعري مستقل أو صور دلالية مقنعة."", ""judge_latency_sec"": 51.662696838378906, ""overlap_with_original"": 0.0, ""overlap_with_description"": 0.07792207792207792, ""objective"": 0.8, ""judge_error"": null}, {""candidate_idx"": 1, ""poem_text"": ""يصف التأثير المؤلم لظلم سلطةٍ\nتخفي وراء سكرها الحقيقة مرّة\nيبدو الأمر لطيفًا ظاهريًا\nلكن المعاناة واضحة جدًا"", ""fit_score"": 0.9, ""substance_score"": 0.2, ""final_score"": 0.6900000000000001, ""notes"": ""التطابق الدلالي مع الوصف مرتفع جدًا لدرجة التكرار، لكن السطر الأول وصف ذاتي يخلو من الغنائية. من حيث المضمون، القصيدة نثرية بحتة تفتقر للصور الشعرية والعمق الفني، مما يقلل من قيمتها الإبداعية رغم دقة المعنى."", ""judge_latency_sec"": 23.80272674560547, ""overlap_with_original"": 0.0, ""overlap_with_description"": 0.10666666666666667, ""objective"": 0.8800000000000001, ""judge_error"": null}, {""candidate_idx"": 4, ""poem_text"": ""سكرُها يبدو طيبًا ولكن\nيصف التأثير المؤلم لظلم\nسلطةٌ تخفي وراء سكرها\nلكن الحقيقة ليست سكرًا"", ""fit_score"": 0.5, ""substance_score"": 0.2, ""final_score"": 0.41, ""notes"": ""النص يلتقط المفردات المركزية للوصف لكنه يفتقر للتجسيد الفني والصور التي يفترضها الوصف. من حيث المضمون، النص أقرب إلى جمل نثرية تشرح الوصف بدلًا من قصيدة ذات معنى مستقل، مما يقلل من قيمته الشعرية."", ""judge_latency_sec"": 45.89132833480835, ""overlap_with_original"": 0.0, ""overlap_with_description"": 0.1111111111111111, ""objective"": 1.1500000000000004, ""judge_error"": null}, {""candidate_idx"": 2, ""poem_text"": ""لظلم سلطةٍ سكرُها سكرٌ\nيصف التأثير المؤلم للتأثير\nتخفي وراء سكرها وراء سكرها\nسلطةٌ لظلمٍ سكرُها سكرٌ"", ""fit_score"": 0.3, ""substance_score"": 0.1, ""final_score"": 0.24, ""notes"": ""القصيدة تعتمد على تكرار مفردات الوصف حرفياً دون بناء دلالي شعري حقيقي، وتحتوي على جمل وصفية (مثل 'يصف التأثير') تكسر الطابع الفني. المفاهيم موجودة لفظياً لكن التعبير فارغ."", ""judge_latency_sec"": 27.657614707946777, ""overlap_with_original"": 0.047619047619047616, ""overlap_with_description"": 0.11764705882352941, ""objective"": 2.1500000000000004, ""judge_error"": null}, {""candidate_idx"": 5, ""poem_text"": ""يصف التأثير المؤلم لظلم\nسكرُها وراء سلطةٍ تخفي\nيذهب البريد إلى سكرها\nلظلم السلطة يخفي التأثير"", ""fit_score"": 0.1, ""substance_score"": 0.1, ""final_score"": 0.1, ""notes"": ""النص المقدم لا يُعد قصيدة بل تكرار مشوّه لكلمات الوصف نفسه. لا يوجد بنية شعرية أو دلالة مترابطة تنقل الغرض النقدي أو التناقض المذكور. الكلمات مستخدمة بشكل سطحي دون بناء معنى حقيقي، مما يجعل التوافق الدلالي ضعيفًا جدًا والمحتوى فارغًا."", ""judge_latency_sec"": 12.428414344787598, ""overlap_with_original"": 0.043478260869565216, ""overlap_with_description"": 0.11428571428571428, ""objective"": 3.5500000000000003, ""judge_error"": null}]"
8,3918,الطويل,5,مدى سماوي مُمتد يُشبه قوس الغمام، يتوهّج بنور يُشبه دراهم خالصة تُشكّلها مياه النهر الدائمة، وينتقل الصوت من نجوم الثريا إلى الأرض في حركة دوارة، ليُحيي صورة سرّية تُغتصب أسراراً ملكية عبر ذئاب تتسلل. ثم يظهر تحوّل في المشهد، حيث تذكّر الذكرى المؤلمة عهدًا قديمًا، فتتحول الفرحات إلى بكاء مستمر، ممزوجًا بالحنين والحنق، في مسيرة تبدأ بالجمال الطبيعي وتنتهي بالشوق إلى الماضي المفقود، مع إيحاءات دينية وفلسفية.,"وَقَوْرَاءَ مِنْ قَوْسِ الْغَمَامِ ابْتَغُوا لَهَا
مِثَالاً أَدَارُوهَا بِلاَ شَكِّ
فَبَيْنَ الثُّرَيَّا وَالثَّرَى سُدَّ جرْمُهَا
وَلِلْفَلَكِ الدَّوَّارِ قَدْ أَصْبَحَتْ تَحْكِي
تَصُوغُ لُجَيْنَ الْمَاءِ فِي النَّهْرِ دَائِما
دَرَاهِمَ نَوْرٍ قَدْ خَلصَنْ مِنْ السَّبكِ
وَتُرْسِلُ مِنْ شُهْبَانِهَا ذَا ذُؤابَةٍ
فَتَبْغِي اسْتِرَاقَ السَّمْعِ عَنْ حَوْزَةِ الْمُلْكِ
تَذَكَّرَتِ الْعَهْدَ الَّذِي اخْتُرِعَتْ بِهِ
وَحَنَّتْ فَمَا تَنْفَكُّ سَاجِعَةً تَبْكِي","قوس الغمام ممتد في المدى السماوي
يشبه النور بنور يتوهج في السماء
بين النجوم والأرض الجرم ممتد
والفلك الدوار له حكاية يرويها
يصوغ ماء النهر دوائر من نور
دراهم نور بنور واضحة في السب
وترسل شعاعا منها ذا ذؤابة
وتبحث عن سر الملك في سماعها
ذكرت العهد القديم الذي كُتب
وحنّت وما تنفك تبكي حزينه",44.981725215911865,18.747925281524658,63.72965049743652,1,0.6,0.35,0.525,0.20833333333333334,0.08791208791208792,تتوافق القصيدة مع التسلسل البصري واللفظي للوصف (قوس الغمام، النهر، الدراهم، العهد، البكاء)، لكنها أغفلت عنصر الصراع (الذئاب والسرقة) والتحول العاطفي (الفرح إلى الحزن)، مما يقلل من دقة التطابق الدلالي. أما من حيث الجودة، فالقصيدة تعاني من تكرار لفظي (نور بنور) وصياغة ركيكة، وتبدو كترجمة للوصف أكثر من نص شعري مستقل، مما يضعف قيمتها الفنية.,"### CANDIDATE 1
قوس الغمام ممتد في المدى السماوي
يشبه النور بنور يتوهج في السماء
بين النجوم والأرض الجرم ممتد
والفلك الدوار له حكاية يرويها
يصوغ ماء النهر دوائر من نور
دراهم نور بنور واضحة في السب
وترسل شعاعا منها ذا ذؤابة
وتبحث عن سر الملك في سماعها
ذكرت العهد القديم الذي كُتب
وحنّت وما تنفك تبكي حزينه

### CANDIDATE 2
قوس الغمام ممتد ومدى ممتد
قوس الغمام في السماء يشبه السماء
النور يتوهج يتوهج في النهر
دراهم من نور والنور يتوهج
ذؤابة وذؤابة ترسل منها
سر الملك سر الملك تسترق
العهد العهد تذكرت
الحنين الحنين وما تنفك
تبكي تبكي وتنظر للقوس
في المدى السماوي والغيوم

### CANDIDATE 3
شيء ممتد في المدى سماوي
قوس الغمام جميل جداً وممتد
بين السماء والأرض يوجد شيء
والفلك الدوار يحكي قصصاً
الماء في النهر يتوهج بنور
الأشياء جميلة جداً من نور
شعاع يرسل من السماء
يريد سر الملك أن يعرف
ذكر العهد القديم الذي كان
حنت وتبكي وتندم

### CANDIDATE 4
مدى سماوي يشبه قوس الغمام
ممتد ويشبه النور
بين الثرى والسماوي جرم كالماء
والفلك الدوار حكي عليه
تصوغ الماء في النهر بنور
دراهم نادره من السبكة
ترسل منها ضوء يتوهج
تريد سر الملك في السمع
ذكري العهد الذي صاغ
حنت وتبكي حزن

### CANDIDATE 5
قوس الغمام ممتد في المدى
يشبه النور في السماء بنور
بين السماء والأرض يدور الفلك
والنجم يحكي للحجر
النهر يتوهج بماء دسم
الدراهم تنطق في النهر
تشاهد الذؤابة في السماء
تسترق السمع من الملوك
العهد قديم والآن جديد
تبكي حنانا وحسدا

### CANDIDATE 6
انظر إلى قوس الغمام ممتدا
إنه يشبه النور بنور
الممتد في السماء سماوي
يجب أن يعرف الفلك الدوار
يصنع النهر دراهم من نور
نور يتوهج بنور جميل
يجب أن تسترق السمع عن الملك
تذكر العهد القديم دائما
الحزن واجب على كل نفس
لذا حنت وتبكي كل يوم","[{""candidate_idx"": 1, ""poem_text"": ""قوس الغمام ممتد في المدى السماوي\nيشبه النور بنور يتوهج في السماء\nبين النجوم والأرض الجرم ممتد\nوالفلك الدوار له حكاية يرويها\nيصوغ ماء النهر دوائر من نور\nدراهم نور بنور واضحة في السب\nوترسل شعاعا منها ذا ذؤابة\nوتبحث عن سر الملك في سماعها\nذكرت العهد القديم الذي كُتب\nوحنّت وما تنفك تبكي حزينه"", ""fit_score"": 0.6, ""substance_score"": 0.35, ""final_score"": 0.525, ""notes"": ""تتوافق القصيدة مع التسلسل البصري واللفظي للوصف (قوس الغمام، النهر، الدراهم، العهد، البكاء)، لكنها أغفلت عنصر الصراع (الذئاب والسرقة) والتحول العاطفي (الفرح إلى الحزن)، مما يقلل من دقة التطابق الدلالي. أما من حيث الجودة، فالقصيدة تعاني من تكرار لفظي (نور بنور) وصياغة ركيكة، وتبدو كترجمة للوصف أكثر من نص شعري مستقل، مما يضعف قيمتها الفنية."", ""judge_latency_sec"": 18.747925281524658, ""overlap_with_original"": 0.20833333333333334, ""overlap_with_description"": 0.08791208791208792, ""objective"": 1.7999999999999998, ""judge_error"": null}, {""candidate_idx"": 2, ""poem_text"": ""قوس الغمام ممتد ومدى ممتد\nقوس الغمام في السماء يشبه السماء\nالنور يتوهج يتوهج في النهر\nدراهم من نور والنور يتوهج\nذؤابة وذؤابة ترسل منها\nسر الملك سر الملك تسترق\nالعهد العهد تذكرت\nالحنين الحنين وما تنفك\nتبكي تبكي وتنظر للقوس\nفي المدى السماوي والغيوم"", ""fit_score"": 0.45, ""substance_score"": 0.3, ""final_score"": 0.405, ""notes"": ""تتطابق القصيدة مع المفردات الأساسية للوصف (قوس الغمام، دراهم، سر الملك، العهد) مما يعطيها درجة متوسطة من التطابق الدلالي العام. ومع ذلك، يفقد fit_score بسبب غياب العناصر السردية المحورية مثل الذئاب (استبدالها بـ ذؤابة)، ونجوم الثريا، وتحوّل الفرح إلى بكاء. أما substance_score فمخفض بسبب التكرار الميكانيكي (يتوهج يتوهج، العهد العهد) الذي لا يضيف معنى، مما يجعل القصيدة تبدو سطحية ومجزأة."", ""judge_latency_sec"": 50.48482656478882, ""overlap_with_original"": 0.1774193548387097, ""overlap_with_description"": 0.08974358974358974, ""objective"": 1.9000000000000001, ""judge_error"": null}, {""candidate_idx"": 5, ""poem_text"": ""قوس الغمام ممتد في المدى\nيشبه النور في السماء بنور\nبين السماء والأرض يدور الفلك\nوالنجم يحكي للحجر\nالنهر يتوهج بماء دسم\nالدراهم تنطق في النهر\nتشاهد الذؤابة في السماء\nتسترق السمع من الملوك\nالعهد قديم والآن جديد\nتبكي حنانا وحسدا"", ""fit_score"": 0.5, ""substance_score"": 0.35, ""final_score"": 0.45499999999999996, ""notes"": ""القصيدة استحضرت مفردات الوصف الرئيسية (قوس الغمام، الدراهم، النهر، العهد، البكاء) لكنها فشلت في نقل السردية المركزية (حركة الصوت، الذئاب، التحول العاطفي من فرح إلى بكاء). من حيث الجوهر الشعري، تعاني القصيدة من تكرار بلاغي (نور في السماء بنور) وضعف في الترابط الدلالي بين الصور، مما يجعلها تبدو كترتيب لكلمات الوصف أكثر من نص شعري متماسك."", ""judge_latency_sec"": 35.9666907787323, ""overlap_with_original"": 0.08571428571428572, ""overlap_with_description"": 0.08641975308641975, ""objective"": 2.1500000000000004, ""judge_error"": null}, {""candidate_idx"": 4, ""poem_text"": ""مدى سماوي يشبه قوس الغمام\nممتد ويشبه النور\nبين الثرى والسماوي جرم كالماء\nوالفلك الدوار حكي عليه\nتصوغ الماء في النهر بنور\nدراهم نادره من السبكة\nترسل منها ضوء يتوهج\nتريد سر الملك في السمع\nذكري العهد الذي صاغ\nحنت وتبكي حزن"", ""fit_score"": 0.6, ""substance_score"": 0.4, ""final_score"": 0.54, ""notes"": ""تلتقط القصيدة الصور الرئيسية (القوس، الدراهم، السر، البكاء) لكنها تغفل عن العنصر الحركي المركزي (الذئاب، تحول الفرح) والانتقال الدلالي الكامل. كما تفتقر القصيدة للتماسك اللغوي والبلاغي، وتبدو كترتيب لألفاظ الوصف دون بناء دلالي مستقل، مع ضعف في الصياغة (مثل استخدام 'حنت' بمعنى الحزن)."", ""judge_latency_sec"": 24.33300757408142, ""overlap_with_original"": 0.15714285714285714, ""overlap_with_description"": 0.12048192771084337, ""objective"": 2.4000000000000004, ""judge_error"": null}, {""candidate_idx"": 6, ""poem_text"": ""انظر إلى قوس الغمام ممتدا\nإنه يشبه النور بنور\nالممتد في السماء سماوي\nيجب أن يعرف الفلك الدوار\nيصنع النهر دراهم من نور\nنور يتوهج بنور جميل\nيجب أن تسترق السمع عن الملك\nتذكر العهد القديم دائما\nالحزن واجب على كل نفس\nلذا حنت وتبكي كل يوم"", ""fit_score"": 0.45, ""substance_score"": 0.35, ""final_score"": 0.42000000000000004, ""notes"": ""التوافق جزئي في المفردات الأساسية مثل قوس الغمام والنهر والعهد والحزن لكن السردية المركزية مثل الذئاب والثريا والتحول من الفرح غائبة أو مشوهة. القصيدة ضعيفة البناء مع تكرار مفرط لكلمة نور ومباشرة جدًا تفتقر للعمق الشعري."", ""judge_latency_sec"": 43.63523840904236, ""overlap_with_original"": 0.14492753623188406, ""overlap_with_description"": 0.10975609756097561, ""objective"": 2.5, ""judge_error"": null}, {""candidate_idx"": 3, ""poem_text"": ""شيء ممتد في المدى سماوي\nقوس الغمام جميل جداً وممتد\nبين السماء والأرض يوجد شيء\nوالفلك الدوار يحكي قصصاً\nالماء في النهر يتوهج بنور\nالأشياء جميلة جداً من نور\nشعاع يرسل من السماء\nيريد سر الملك أن يعرف\nذكر العهد القديم الذي كان\nحنت وتبكي وتندم"", ""fit_score"": 0.3, ""substance_score"": 0.2, ""final_score"": 0.27, ""notes"": ""القصيدة تلتقط مفردات الوصف لكنها تغيّر جوهر الحدث (الرغبة في المعرفة بدلاً من السرقة والذئاب). اللغة ركيكة ومكررة، والمعنى ضعيف جداً لا يتجاوز سرد الكلمات."", ""judge_latency_sec"": 50.00618934631348, ""overlap_with_original"": 0.1267605633802817, ""overlap_with_description"": 0.08235294117647059, ""objective"": 2.5500000000000007, ""judge_error"": null}]"
9,44306,الهزج,4,رجلٌ ذو خلقٍ نادرٍ يعاني من جوعٍ يُبكيهِ مع حُليةٍ مُشبعةٍ، ويُشير إلى تناقضٍ بين ما يُظهرهُ و ما يُخفيهُ. يُحدّث عن سفرٍ يحملُ شوقاً غيرَ مُتممٍ، كأنَّ جسدهُ مُفصَّلٌ عن روحهِ المُتعلِّقةِ بالحنين. يُبيّن كيفَ أَمسَكَ بأَسرارِهِ فَقتَلَها، لكنَّ هذا الكتمانَ لم يُمسِّكْ بها، بل أَبقى آثارَهَا حيّةً في داخِلِهِ. تتنامى الصورُ عبرَ حقلٍ دالٍّ على القلبِ المرهَقِ بينَ التَّحمُلِ والانكسارِ، مع غَموضٍ عاطفيٍّ يُحوِّلُ الأَحاسيسَ إلى حِمْلٍ لا يُحتمل.,"وَشَخصٍ طَيِّبِ الأَردا
نِ لا تَعرِفُ أَمثالَه
بَكى جوعاً وِشاحاهُ
وَقَد أَشبَعَ خَلخالَه
أَتانا يَحمِلُ الشَوقَ
وَما يَحمِلُ أَوصالَه
قَتَلتُ السِرَّ كِتماناً
وَقَتلُ السرِّ أَبقى لَه","هذا رجل ذو خلق نادر ويعاني
من جوع يبكيه وجوع يزداد
حلية مشبعة وجوع يبكيه
يحمل الشوق ويحمل الجوع
قتل السر بالكتمان
والكتمان أبقى السر
السر يبقى والجوع يبقى
هذا الرجل يعاني دائماً",56.8681583404541,24.856654405593872,81.72481274604797,2,0.8,0.3,0.6499999999999999,0.0975609756097561,0.16923076923076924,القصيدة استحضرت المفردات والمفاهيم المركزية للوصف بدقة (الرجل، الجوع، الحلية، مفارقة السر بالكتمان)، مما يعكس توافقاً دلالياً عالياً مع الجوهر المطلوب. لكن القصيدة تفتقر إلى البناء الشعري والعمق الفني، وتعتمد على التكرار المباشر والسطحية التي تجعلها تبدو كملخص نثري أكثر منها قصيدة ذات قيمة دلالية مستقلة.,"### CANDIDATE 1
رجل ذو خلق نادر وهو يعاني
من جوع كبير يبكيه ويضن
حلية مشبعة عنده وتحمل
الشوق يأتي والجسد لا يحمل
قتلته السرية بالكتمان
وكتمان السر أبقاها حية
لا يوجد مثله في زماننا
يعاني هو وحده من الجوع

### CANDIDATE 2
هذا رجل ذو خلق نادر ويعاني
من جوع يبكيه وجوع يزداد
حلية مشبعة وجوع يبكيه
يحمل الشوق ويحمل الجوع
قتل السر بالكتمان
والكتمان أبقى السر
السر يبقى والجوع يبقى
هذا الرجل يعاني دائماً

### CANDIDATE 3
رجل نادر خلقه ويعاني من الجوع
يبكيه الجوع والشوق في قلبه
حلية مشبعة والجوع لا يذهب
الشوق يحمل الشوق ولا يحمله
السر في الكتمان والكتمان في السر
قتلته وأبقاها حية
الناس تعاني من كل شيء
والسر لا يوضح شيئاً

### CANDIDATE 4
رجل ذو خلق نادر يعاني من الجوع
يبكيه الجوع والحلية في يده
مشبعة بالذهب والذهب لا يفيد
يحمل الشوق والجسد لا يحمله
قتل السر والكتمان أبقى السر
السر يبقى حياً والجوع ياكل
الجوع يجعل الإنسان يبكي
والحلية لا تسكن الجوع

### CANDIDATE 5
رجل ذو خلق نادر يعاني من جوع
يبكيه الجوع والحلية مشبعة
جاء يحمل الشوق والجسد غائب
قتل السر وأبقى السر حياً
الكتمان ليس قتلًا للسر
بل هو ترك للسر حياً
الجوع يحمل الشوق في نفسه
والشوق يحمل الجوع في قلبه

### CANDIDATE 6
يجب أن تعرف رجل ذا خلق نادر
يعاني من جوع يبكيه بشدة
حلية مشبعة وهو لا يأكل
يحمل الشوق ولا يحمل جسده
قتل السر بالكتمان
والكتمان جعل السر يبقى
تعلم أن الكتمان هو الحل
والجوع هو ما يعاني منه","[{""candidate_idx"": 2, ""poem_text"": ""هذا رجل ذو خلق نادر ويعاني\nمن جوع يبكيه وجوع يزداد\nحلية مشبعة وجوع يبكيه\nيحمل الشوق ويحمل الجوع\nقتل السر بالكتمان\nوالكتمان أبقى السر\nالسر يبقى والجوع يبقى\nهذا الرجل يعاني دائماً"", ""fit_score"": 0.8, ""substance_score"": 0.3, ""final_score"": 0.6499999999999999, ""notes"": ""القصيدة استحضرت المفردات والمفاهيم المركزية للوصف بدقة (الرجل، الجوع، الحلية، مفارقة السر بالكتمان)، مما يعكس توافقاً دلالياً عالياً مع الجوهر المطلوب. لكن القصيدة تفتقر إلى البناء الشعري والعمق الفني، وتعتمد على التكرار المباشر والسطحية التي تجعلها تبدو كملخص نثري أكثر منها قصيدة ذات قيمة دلالية مستقلة."", ""judge_latency_sec"": 24.856654405593872, ""overlap_with_original"": 0.0975609756097561, ""overlap_with_description"": 0.16923076923076924, ""objective"": 1.2, ""judge_error"": null}, {""candidate_idx"": 6, ""poem_text"": ""يجب أن تعرف رجل ذا خلق نادر\nيعاني من جوع يبكيه بشدة\nحلية مشبعة وهو لا يأكل\nيحمل الشوق ولا يحمل جسده\nقتل السر بالكتمان\nوالكتمان جعل السر يبقى\nتعلم أن الكتمان هو الحل\nوالجوع هو ما يعاني منه"", ""fit_score"": 0.75, ""substance_score"": 0.35, ""final_score"": 0.6299999999999999, ""notes"": ""التوافق الدلالي جيد حيث تلتقط القصيدة الحقائق الأساسية (الجوع، الحلية، السر)، لكنها تفقد الغموض العاطفي وطابع العبء النفسي في الوصف الأصلي. النص شعريًا سطحي، يعتمد على الجمل الخبرية المباشرة دون استعارات أو بناء فني، مما يقلل من قيمته الذاتية كقصيدة."", ""judge_latency_sec"": 37.8639702796936, ""overlap_with_original"": 0.09090909090909091, ""overlap_with_description"": 0.16176470588235295, ""objective"": 1.7999999999999998, ""judge_error"": null}, {""candidate_idx"": 4, ""poem_text"": ""رجل ذو خلق نادر يعاني من الجوع\nيبكيه الجوع والحلية في يده\nمشبعة بالذهب والذهب لا يفيد\nيحمل الشوق والجسد لا يحمله\nقتل السر والكتمان أبقى السر\nالسر يبقى حياً والجوع ياكل\nالجوع يجعل الإنسان يبكي\nوالحلية لا تسكن الجوع"", ""fit_score"": 0.75, ""substance_score"": 0.4, ""final_score"": 0.6449999999999999, ""notes"": ""تلتقط القصيدة المحاور الدلالية الأساسية في الوصف (الجوع مقابل الحلية، الجسد مقابل الشوق، السر وكتمانه) بدقة عالية، مما يرفع درجة التوافق. لكن المادة الشعرية ضعيفة بسبب التكرار الواضح في المعنى (تكرار فكرة البكاء والجوع)، واللغة الساذجة التي تفتقر للصور البلاغية، مما يجعلها تبدو تلخيصاً للوصف أكثر من قصيدة ذات عمق دلالي مستقل."", ""judge_latency_sec"": 134.62084674835205, ""overlap_with_original"": 0.08888888888888889, ""overlap_with_description"": 0.1267605633802817, ""objective"": 2.4000000000000004, ""judge_error"": null}, {""candidate_idx"": 3, ""poem_text"": ""رجل نادر خلقه ويعاني من الجوع\nيبكيه الجوع والشوق في قلبه\nحلية مشبعة والجوع لا يذهب\nالشوق يحمل الشوق ولا يحمله\nالسر في الكتمان والكتمان في السر\nقتلته وأبقاها حية\nالناس تعاني من كل شيء\nوالسر لا يوضح شيئاً"", ""fit_score"": 0.7, ""substance_score"": 0.4, ""final_score"": 0.61, ""notes"": ""تلتقط القصيدة المحاور المركزية للوصف (الرجل النادر، الجوع، الحلية، مفارقة السر)، لكنها تغفل تفاصيل بنيوية مهمة مثل السفر وانفصال الجسد عن الروح. أما من حيث المضمون، فالقصيدة ضعيفة البناء، وتعتمد على تكرار مفردات الوصف مباشرة دون عمق شعري، مع خاتمة عامة تفتقر للإقناع."", ""judge_latency_sec"": 33.538326263427734, ""overlap_with_original"": 0.06666666666666667, ""overlap_with_description"": 0.11267605633802817, ""objective"": 2.4000000000000004, ""judge_error"": null}, {""candidate_idx"": 1, ""poem_text"": ""رجل ذو خلق نادر وهو يعاني\nمن جوع كبير يبكيه ويضن\nحلية مشبعة عنده وتحمل\nالشوق يأتي والجسد لا يحمل\nقتلته السرية بالكتمان\nوكتمان السر أبقاها حية\nلا يوجد مثله في زماننا\nيعاني هو وحده من الجوع"", ""fit_score"": 0.9, ""substance_score"": 0.4, ""final_score"": 0.75, ""notes"": ""تلتقط القصيدة العناصر السردية الأساسية في الوصف (الجوع، الحلية، الأسرار، الشوق) بدقة عالية، مما يضمن توافقًا دلاليًا قويًا. ومع ذلك، تفتقر القصيدة إلى العمق الشعري، وتعتمد على التكرار المباشر لألفاظ الوصف دون بناء فني أو دلالي غني، مما يجعلها تبدو كملخص نصي أكثر من كونها قصيدة ذات معنى حقيقي مقنع."", ""judge_latency_sec"": 26.05733060836792, ""overlap_with_original"": 0.06382978723404255, ""overlap_with_description"": 0.15714285714285714, ""objective"": 2.4800000000000004, ""judge_error"": null}, {""candidate_idx"": 5, ""poem_text"": ""رجل ذو خلق نادر يعاني من جوع\nيبكيه الجوع والحلية مشبعة\nجاء يحمل الشوق والجسد غائب\nقتل السر وأبقى السر حياً\nالكتمان ليس قتلًا للسر\nبل هو ترك للسر حياً\nالجوع يحمل الشوق في نفسه\nوالشوق يحمل الجوع في قلبه"", ""fit_score"": 0.85, ""substance_score"": 0.5, ""final_score"": 0.745, ""notes"": ""التوافق الدلالي عالٍ في نقل المفاهيم الجوهرية (الجوع، الحلية، الشوق، السر، الجسد) من الوصف، لكن يفتقر لالتقاط الطبقات العاطفية الدقيقة (الانكسار، العبء). أما المعنى الشعري فمحدود ويعتمد على التصريح والتكرار الدائري دون بناء صور عميقة."", ""judge_latency_sec"": 23.979509830474854, ""overlap_with_original"": 0.06976744186046512, ""overlap_with_description"": 0.14925373134328357, ""objective"": 3.6, ""judge_error"": null}]"
