pair_id,source_index,meter_label,num_bayts,description,original_poem_text,candidate_idx,candidate_poem_text,fit_score,substance_score,final_score,judge_latency_sec,overlap_with_original,overlap_with_description,objective,notes,judge_error
0,20181,مخلع البسيط,2,شكوى مريرة إلى الخالق من ويلاتِ العيشِ المريرة، حيث تترسّخ لحظات الليل الطويل كأنه لا يُنتظر فجرًا، في تصويرٍ يوحي بثقل الأيام وغيابِ النور. يُعبِّر الشكوى عن استسلامٍ مؤقتٍ للظلماتِ التي تُحاصر الروح، مع انتقالٍ من تذمرٍ مُرٍّ إلى انتظارٍ خفيٍّ لانقلابِ الحال. يرافق الصوتُ المُكابِدُ تحوُّلًا من اليأسِ إلى التضرعِ، مُستخدمًا صورًا من الظلامِ الداكنِ والانهيارِ النفسيِّ، في دعوةٍ إلى تغييرٍ يُعيد توازنَ الوجودِ المُهدَّدِ.,"أشكو إلى الله من أمورِ
تمر عيشي لما تمر
ودملٍ مع دوامِ ليلٍ
ما لهما ما حييت فجر",1,"شكوى لله من أمور
العيش صعب ومرير
ويلات تترسخ في الليل
ما له فجر يا رجل",0.75,0.3,0.6149999999999999,16.221555471420288,0.09090909090909091,0.0847457627118644,1.2,القصيدة تلتقط المحاور الدلالية الأساسية للوصف (الشكوى لله، مرارة العيش، غياب فجر الليل)، مما يضمن توافقًا دلاليًا قويًا. لكنها تفتقر إلى العمق الشعري والتدرج العاطفي (من اليأس إلى التضرع) المذكور في الوصف، وتبدو سطحية ومكررة، مما يخفض درجة المصداقية الفنية.,
0,20181,مخلع البسيط,2,شكوى مريرة إلى الخالق من ويلاتِ العيشِ المريرة، حيث تترسّخ لحظات الليل الطويل كأنه لا يُنتظر فجرًا، في تصويرٍ يوحي بثقل الأيام وغيابِ النور. يُعبِّر الشكوى عن استسلامٍ مؤقتٍ للظلماتِ التي تُحاصر الروح، مع انتقالٍ من تذمرٍ مُرٍّ إلى انتظارٍ خفيٍّ لانقلابِ الحال. يرافق الصوتُ المُكابِدُ تحوُّلًا من اليأسِ إلى التضرعِ، مُستخدمًا صورًا من الظلامِ الداكنِ والانهيارِ النفسيِّ، في دعوةٍ إلى تغييرٍ يُعيد توازنَ الوجودِ المُهدَّدِ.,"أشكو إلى الله من أمورِ
تمر عيشي لما تمر
ودملٍ مع دوامِ ليلٍ
ما لهما ما حييت فجر",6,"يجب أن نشكو للخالق
العيش يكون مريرًا
تترسخ الويلات فينا
هذا هو العيش المرير",0.5,0.3,0.44,23.54914164543152,0.0,0.03389830508474576,1.5500000000000003,تلتقط الفكرة العامة للشكوى والمرارة لكنها تفتقر للصور (الليل/الظلام) والانتقال العاطفي (اليأس/الأمل) المذكور في الوصف. كما أن القصيدة سطحية وتعتمد على التكرار المباشر دون عمق شعري أو بناء دلالي مقنع.,
0,20181,مخلع البسيط,2,شكوى مريرة إلى الخالق من ويلاتِ العيشِ المريرة، حيث تترسّخ لحظات الليل الطويل كأنه لا يُنتظر فجرًا، في تصويرٍ يوحي بثقل الأيام وغيابِ النور. يُعبِّر الشكوى عن استسلامٍ مؤقتٍ للظلماتِ التي تُحاصر الروح، مع انتقالٍ من تذمرٍ مُرٍّ إلى انتظارٍ خفيٍّ لانقلابِ الحال. يرافق الصوتُ المُكابِدُ تحوُّلًا من اليأسِ إلى التضرعِ، مُستخدمًا صورًا من الظلامِ الداكنِ والانهيارِ النفسيِّ، في دعوةٍ إلى تغييرٍ يُعيد توازنَ الوجودِ المُهدَّدِ.,"أشكو إلى الله من أمورِ
تمر عيشي لما تمر
ودملٍ مع دوامِ ليلٍ
ما لهما ما حييت فجر",2,"شكوى مريرة من العيش
ويلات العيش مريرة
مريرة العيش تترسخ
تترسخ ويلات العيش",0.3,0.1,0.24,23.396855354309082,0.0,0.09615384615384616,2.1500000000000004,القصيدة تلتقط الكلمات المفتاحية (شكوى، عيش، مريرة) لكنها تفتقر للجوهر الدلالي المطلوب (الشكوى للخالق، صور الليل، الانتقال من اليأس للأمل). النص عبارة عن تكرار دائري للألفاظ دون عمق أو بناء شعري.,
0,20181,مخلع البسيط,2,شكوى مريرة إلى الخالق من ويلاتِ العيشِ المريرة، حيث تترسّخ لحظات الليل الطويل كأنه لا يُنتظر فجرًا، في تصويرٍ يوحي بثقل الأيام وغيابِ النور. يُعبِّر الشكوى عن استسلامٍ مؤقتٍ للظلماتِ التي تُحاصر الروح، مع انتقالٍ من تذمرٍ مُرٍّ إلى انتظارٍ خفيٍّ لانقلابِ الحال. يرافق الصوتُ المُكابِدُ تحوُّلًا من اليأسِ إلى التضرعِ، مُستخدمًا صورًا من الظلامِ الداكنِ والانهيارِ النفسيِّ، في دعوةٍ إلى تغييرٍ يُعيد توازنَ الوجودِ المُهدَّدِ.,"أشكو إلى الله من أمورِ
تمر عيشي لما تمر
ودملٍ مع دوامِ ليلٍ
ما لهما ما حييت فجر",4,"أشكو من ويلات العيش
العيش المريرة تترسخ
لحظات الليل صعبة
لا يوجد فجر هنا",0.4,0.3,0.37,14.275264024734497,0.1,0.10714285714285714,2.25,القصيدة تلتقط المفردات السطحية للوصف (الشكوى، الليل، غياب الفجر) لكنها تغفل الجوهر الدلالي المركزي المتمثل في توجيه الشكوى إلى الخالق، كما تفتقر إلى التحول العاطفي من اليأس إلى التضرع المذكور في الوصف. من حيث المضمون، اللغة ركيكة ومباشرة جدًا وتفتقر للبناء الشعري العميق، مما يجعلها أقرب إلى تلخيص نصي من قصيدة ذات دلالة مستقلة.,
0,20181,مخلع البسيط,2,شكوى مريرة إلى الخالق من ويلاتِ العيشِ المريرة، حيث تترسّخ لحظات الليل الطويل كأنه لا يُنتظر فجرًا، في تصويرٍ يوحي بثقل الأيام وغيابِ النور. يُعبِّر الشكوى عن استسلامٍ مؤقتٍ للظلماتِ التي تُحاصر الروح، مع انتقالٍ من تذمرٍ مُرٍّ إلى انتظارٍ خفيٍّ لانقلابِ الحال. يرافق الصوتُ المُكابِدُ تحوُّلًا من اليأسِ إلى التضرعِ، مُستخدمًا صورًا من الظلامِ الداكنِ والانهيارِ النفسيِّ، في دعوةٍ إلى تغييرٍ يُعيد توازنَ الوجودِ المُهدَّدِ.,"أشكو إلى الله من أمورِ
تمر عيشي لما تمر
ودملٍ مع دوامِ ليلٍ
ما لهما ما حييت فجر",5,"شكوى لحظات من أمور
تمر عيشي لما حييت
ويلات ما لها فجر
تترسخ الأمور هنا",0.4,0.3,0.37,23.428240060806274,0.35294117647058826,0.06779661016949153,2.25,القصيدة تلتقط مفردات الشكوى وغياب الفجر، لكنها تفتقر للعلاقة مع الخالق والتحول العاطفي الموصوف. القصيدة ضعيفة دلاليًا ولغويًا، وتفتقر للبناء الشعري العميق.,
0,20181,مخلع البسيط,2,شكوى مريرة إلى الخالق من ويلاتِ العيشِ المريرة، حيث تترسّخ لحظات الليل الطويل كأنه لا يُنتظر فجرًا، في تصويرٍ يوحي بثقل الأيام وغيابِ النور. يُعبِّر الشكوى عن استسلامٍ مؤقتٍ للظلماتِ التي تُحاصر الروح، مع انتقالٍ من تذمرٍ مُرٍّ إلى انتظارٍ خفيٍّ لانقلابِ الحال. يرافق الصوتُ المُكابِدُ تحوُّلًا من اليأسِ إلى التضرعِ، مُستخدمًا صورًا من الظلامِ الداكنِ والانهيارِ النفسيِّ، في دعوةٍ إلى تغييرٍ يُعيد توازنَ الوجودِ المُهدَّدِ.,"أشكو إلى الله من أمورِ
تمر عيشي لما تمر
ودملٍ مع دوامِ ليلٍ
ما لهما ما حييت فجر",3,"شكوى الخالق من الأمور
ويلات كثيرة في العيش
لحظات تمر بلا أمل
لا يأتي الفجر قريبًا",0.3,0.25,0.28500000000000003,11.640977144241333,0.041666666666666664,0.08333333333333333,2.7500000000000004,العلاقة الدلالية معكوسة جوهريًا (شكوى الخالق من الأمور مقابل شكوى إلى الخالق)، والقصيدة تفتقر للتحول العاطفي من يأس إلى تضرع أو أمل المذكور في الوصف. اللغة سطحية وعامة جدًا، تفتقر للبناء الشعري العميق، مما يجعلها تلخيصًا مفرطًا في التبسيط.,
1,6083,السريع,2,مشهد حزين يُظهر نزاعاً داخلياً بين إنكار الشوق وانغماسه في الأسى، حيث تتحول الدعوة للتمثيل في المشهد إلى اعتراف مُجبر بالوجع. يخاطب المكلوم جوليا من وراء صورة القلب المُرسل إلى الصدر المُنكَسِر، ليُظهر تضاداً بين زيف المناظر وصدق الألم المُوجع. الصور تجمع بين السرد العاطفي والرموز الجسدية، مع غرض شعري مُركب من الغزل المتألم والرثاء الداخلي.,"تَمَثَّلي إِن شِئتِ في مَنظَرٍ
يا جولِيا أُنكِرُ فيهِ الغَرام
أَو فَاِبعَثي قَلباً إِلى أَضلُعٍ
راحَ بِهِ الوَجدُ وَأَودى السَقام",3,"اجعلي المشهد حزينًا عامًا
يا جوليا يظهر إنكار الشوق
أرسلي القلب لمن هو حزين
نزاعا داخليا هو السبب",0.85,0.2,0.655,25.883896589279175,0.07142857142857142,0.17307692307692307,0.8,القصيدة تطابق مفردات الوصف ومفاهيمه المركزية (جوليا، إنكار الشوق، النزاع الداخلي، إرسال القلب) بدقة عالية، مما يضمن توافقًا دلاليًا قويًا. ومع ذلك، تفتقر القصيدة إلى العمق الشعري، وتقتصر على سرد المفاهيم بصيغة أمرية مباشرة دون بناء صور أو عاطفة مؤثرة، مما يجعلها فارغة دلاليًا رغم دقة المفردات.,
1,6083,السريع,2,مشهد حزين يُظهر نزاعاً داخلياً بين إنكار الشوق وانغماسه في الأسى، حيث تتحول الدعوة للتمثيل في المشهد إلى اعتراف مُجبر بالوجع. يخاطب المكلوم جوليا من وراء صورة القلب المُرسل إلى الصدر المُنكَسِر، ليُظهر تضاداً بين زيف المناظر وصدق الألم المُوجع. الصور تجمع بين السرد العاطفي والرموز الجسدية، مع غرض شعري مُركب من الغزل المتألم والرثاء الداخلي.,"تَمَثَّلي إِن شِئتِ في مَنظَرٍ
يا جولِيا أُنكِرُ فيهِ الغَرام
أَو فَاِبعَثي قَلباً إِلى أَضلُعٍ
راحَ بِهِ الوَجدُ وَأَودى السَقام",5,"يظهر المشهد الحزين هنا
يا جوليا إنكار الشوق في
ارسلي القلب لنزاعا داخليا
وانغماسه يكون في الأمر",0.5,0.2,0.41,32.21925711631775,0.08,0.16,1.1500000000000004,القصيدة تحاكي مفردات الوصف حرفياً دون بناء دلالي أو صور فنية، وتفتقر لجزئيات الوصف المركزية كالصدر المنكسر والتضاد بين الزيف والصدق. المعنى سطحي ومجزأ لغوياً.,
1,6083,السريع,2,مشهد حزين يُظهر نزاعاً داخلياً بين إنكار الشوق وانغماسه في الأسى، حيث تتحول الدعوة للتمثيل في المشهد إلى اعتراف مُجبر بالوجع. يخاطب المكلوم جوليا من وراء صورة القلب المُرسل إلى الصدر المُنكَسِر، ليُظهر تضاداً بين زيف المناظر وصدق الألم المُوجع. الصور تجمع بين السرد العاطفي والرموز الجسدية، مع غرض شعري مُركب من الغزل المتألم والرثاء الداخلي.,"تَمَثَّلي إِن شِئتِ في مَنظَرٍ
يا جولِيا أُنكِرُ فيهِ الغَرام
أَو فَاِبعَثي قَلباً إِلى أَضلُعٍ
راحَ بِهِ الوَجدُ وَأَودى السَقام",4,"اجعلي المشهد كصورة حزين
يا جوليا إنكار الشوق في الظلم
ابعثي القلب للأجسام والأضلاع
إنكار وانغماسه يظهر في الكلام",0.85,0.3,0.6849999999999999,16.36597752571106,0.07142857142857142,0.1509433962264151,1.2,تتطابق القصيدة بدقة مع المفردات والمفاهيم المركزية في الوصف مثل جوليا والمشهد والقلب وإنكار الشوق، مما يرفع درجة التوافق الدلالي. ومع ذلك، تفتقر القصيدة إلى المضمون الشعري العميق، حيث تعتمد على الإخبار المباشر عن المشاعر بدلاً من استحضارها عبر الصور، وتظهر فيها ضعف في الصياغة البلاغية والوزنية، مما يجعلها تبدو كملخص للوصف أكثر من عمل فني مستقل.,
1,6083,السريع,2,مشهد حزين يُظهر نزاعاً داخلياً بين إنكار الشوق وانغماسه في الأسى، حيث تتحول الدعوة للتمثيل في المشهد إلى اعتراف مُجبر بالوجع. يخاطب المكلوم جوليا من وراء صورة القلب المُرسل إلى الصدر المُنكَسِر، ليُظهر تضاداً بين زيف المناظر وصدق الألم المُوجع. الصور تجمع بين السرد العاطفي والرموز الجسدية، مع غرض شعري مُركب من الغزل المتألم والرثاء الداخلي.,"تَمَثَّلي إِن شِئتِ في مَنظَرٍ
يا جولِيا أُنكِرُ فيهِ الغَرام
أَو فَاِبعَثي قَلباً إِلى أَضلُعٍ
راحَ بِهِ الوَجدُ وَأَودى السَقام",6,"يجب أن يظهر المشهد حزينًا
يا جوليا عليك إنكار الشوق
نزاعا الداخلي يظهر دائمًا
الإنكار وانغماسه في الأمر",0.7,0.3,0.58,16.243160486221313,0.07407407407407407,0.15384615384615385,1.2,تطابق الكلمات المفتاحية والعناصر (جوليا، النزاع، الإنكار) يضمن توافقًا دلاليًا جيدًا مع الوصف، لكن يغيب التحول الدلالي (الاعتراف) والصور الرمزية (القلب والصدر) المذكورة في الجوهر. أما المضمون الشعري فهو ضعيف جدًا، حيث يقرأ النص كملخص وصفي مباشر دون بناء صور أو إيقاع، مما يجعله فارغًا فنيًا رغم وضوح المعنى.,
1,6083,السريع,2,مشهد حزين يُظهر نزاعاً داخلياً بين إنكار الشوق وانغماسه في الأسى، حيث تتحول الدعوة للتمثيل في المشهد إلى اعتراف مُجبر بالوجع. يخاطب المكلوم جوليا من وراء صورة القلب المُرسل إلى الصدر المُنكَسِر، ليُظهر تضاداً بين زيف المناظر وصدق الألم المُوجع. الصور تجمع بين السرد العاطفي والرموز الجسدية، مع غرض شعري مُركب من الغزل المتألم والرثاء الداخلي.,"تَمَثَّلي إِن شِئتِ في مَنظَرٍ
يا جولِيا أُنكِرُ فيهِ الغَرام
أَو فَاِبعَثي قَلباً إِلى أَضلُعٍ
راحَ بِهِ الوَجدُ وَأَودى السَقام",1,"اجعلي المشهد يبدو حزينًا
يا جوليا إنكار الشوق وهو يظهر
أرسلي القلب للأضلاع من نزاعا داخليا
إنكار وانغماسه في هذا الأمر",0.9,0.4,0.75,28.77638006210327,0.06896551724137931,0.16981132075471697,2.4800000000000004,التوافق الدلالي مرتفع جدًا لالتقاطها العناصر المحورية المذكورة في الوصف (جوليا، النزاع الداخلي، القلب والأضلاع). لكن المادة الشعرية ضعيفة، فالقصيدة تبدو إعادة صياغة حرفية للوصف، وتفتقر للبناء الدلالي العميق أو الصور المجازية المبتكرة، مما يجعلها تبدو إرشادية أكثر منها تعبيرًا شعريًا أصيلًا.,
1,6083,السريع,2,مشهد حزين يُظهر نزاعاً داخلياً بين إنكار الشوق وانغماسه في الأسى، حيث تتحول الدعوة للتمثيل في المشهد إلى اعتراف مُجبر بالوجع. يخاطب المكلوم جوليا من وراء صورة القلب المُرسل إلى الصدر المُنكَسِر، ليُظهر تضاداً بين زيف المناظر وصدق الألم المُوجع. الصور تجمع بين السرد العاطفي والرموز الجسدية، مع غرض شعري مُركب من الغزل المتألم والرثاء الداخلي.,"تَمَثَّلي إِن شِئتِ في مَنظَرٍ
يا جولِيا أُنكِرُ فيهِ الغَرام
أَو فَاِبعَثي قَلباً إِلى أَضلُعٍ
راحَ بِهِ الوَجدُ وَأَودى السَقام",2,"تظاهري بالمشهد في المشهد
يا جوليا إنكار الشوق في الشوق
ارسل القلب للأضلاع للأضلاع
إنكار وانغماسه ونزاعا داخليا",0.95,0.45,0.7999999999999999,20.842552661895752,0.08,0.13725490196078433,3.2800000000000002,التوافق الدلالي تام مع الوصف في الأسماء والرموز والحالة النفسية، لكن القصيدة تفتقر للعمق الشعري وتعتمد على التصريح بالمعنى بدلًا من الإيحاء، مما يقلل من قيمتها الفنية.,
2,32667,مجزوء البسيط,2,مدى تفوق شخصية تُشبه يوسف النبوية لكنها تفوقه في جمال العينين، وتبدأ التمثيل بوصف ملكي لصفات لا تُضاهى، ثم تتحول إلى إشادة بقدرة متحدثه على إحياء قصة يوسف بطريقة تضفي عليها زينة جديدة، ليُختَتم بتأكيد فريدية هذا الفرد الذي جسدها في تفاصيل تلامس العينين كمصدر للإعجاب، مع حقول دلالية تجمع بين الملكية والجمال والتفوق الروحي.,"مَلَكتَ رِقّي وَأَنتَ فيهِ
يا حَسَناً جَلَّ عَن شَبيهِ
يا مَن حَكى يوسُفاً وَلَكِن
قَد زينَ في عَينِ مُشتَريهِ",5,"حكيت يوسف فأنت يوسف
في العين تفوقك هو سبب
مدى تفوقك يجعلني أرى
لكن النبوية في غيرك",0.55,0.3,0.47500000000000003,25.41111707687378,0.0,0.057692307692307696,1.2,تلتقط الفكرة المركزية (التشبيه بيوسف وتفوق العين) لكنها تغفل البنية الوصفية (الملكية، دور المتحدث، الخاتمة). المعنى ضعيف، الأسطر الثالثة والرابعة فارغة أو جافة.,
2,32667,مجزوء البسيط,2,مدى تفوق شخصية تُشبه يوسف النبوية لكنها تفوقه في جمال العينين، وتبدأ التمثيل بوصف ملكي لصفات لا تُضاهى، ثم تتحول إلى إشادة بقدرة متحدثه على إحياء قصة يوسف بطريقة تضفي عليها زينة جديدة، ليُختَتم بتأكيد فريدية هذا الفرد الذي جسدها في تفاصيل تلامس العينين كمصدر للإعجاب، مع حقول دلالية تجمع بين الملكية والجمال والتفوق الروحي.,"مَلَكتَ رِقّي وَأَنتَ فيهِ
يا حَسَناً جَلَّ عَن شَبيهِ
يا مَن حَكى يوسُفاً وَلَكِن
قَد زينَ في عَينِ مُشتَريهِ",1,"ملكت رقي وأنت فيه
مدى تفوقك في العين واضح
شخصية تشبه يوسف النبوية
لكنها تفوقه في الجمال",0.6,0.35,0.525,18.83542275428772,0.125,0.13725490196078433,1.7999999999999998,تلتقط القصيدة المحور الدلالي الرئيسي (مقارنة يوسف وتفوق العين) بوضوح، لكنها تغفل البعد السردي الخاص بقدرة المتكلم على إحياء القصة كما ورد في الوصف، كما أن وصف الملكية ضعيف. من حيث المضمون، اللغة سطحية ومباشرة جدًا، تفتقر إلى الصور الشعرية والعمق، وتبدو كملخص نصي أكثر من قصيدة ذات بناء دلالي قوي.,
2,32667,مجزوء البسيط,2,مدى تفوق شخصية تُشبه يوسف النبوية لكنها تفوقه في جمال العينين، وتبدأ التمثيل بوصف ملكي لصفات لا تُضاهى، ثم تتحول إلى إشادة بقدرة متحدثه على إحياء قصة يوسف بطريقة تضفي عليها زينة جديدة، ليُختَتم بتأكيد فريدية هذا الفرد الذي جسدها في تفاصيل تلامس العينين كمصدر للإعجاب، مع حقول دلالية تجمع بين الملكية والجمال والتفوق الروحي.,"مَلَكتَ رِقّي وَأَنتَ فيهِ
يا حَسَناً جَلَّ عَن شَبيهِ
يا مَن حَكى يوسُفاً وَلَكِن
قَد زينَ في عَينِ مُشتَريهِ",2,"تشبه يوسف وتشبه يوسف
تفوقك تفوقك في كل شيء
لكن تفوقه في العين
تفوقك تفوقه يا يوسف",0.55,0.35,0.49,64.55213260650635,0.05,0.061224489795918366,1.7999999999999998,تلتقط الفكرة المركزية (التشبيه بيوسف وتفوق العين) لكنها تفتقر للطبقات الوصفية والروحية المذكورة. كما تعتمد على التكرار اللفظي البسيط دون عمق دلالي.,
2,32667,مجزوء البسيط,2,مدى تفوق شخصية تُشبه يوسف النبوية لكنها تفوقه في جمال العينين، وتبدأ التمثيل بوصف ملكي لصفات لا تُضاهى، ثم تتحول إلى إشادة بقدرة متحدثه على إحياء قصة يوسف بطريقة تضفي عليها زينة جديدة، ليُختَتم بتأكيد فريدية هذا الفرد الذي جسدها في تفاصيل تلامس العينين كمصدر للإعجاب، مع حقول دلالية تجمع بين الملكية والجمال والتفوق الروحي.,"مَلَكتَ رِقّي وَأَنتَ فيهِ
يا حَسَناً جَلَّ عَن شَبيهِ
يا مَن حَكى يوسُفاً وَلَكِن
قَد زينَ في عَينِ مُشتَريهِ",6,"اعلم أن تفوقك حقيقي
في شخصية تشبه يوسف
لكن تفوقه في العين لا يجهل
وذلك هو مدى حسنك الحقيقي",0.55,0.35,0.49,34.5295135974884,0.0,0.09615384615384616,1.7999999999999998,fit_score: 0.55 - تلتقط الفكرة المركزية (يوسف والعين) لكنها تفتقر للون الملكي ودور المتحدث في السرد. substance_score: 0.35 - لغة مباشرة وبسيطة تفتقر للصور الشعرية والعمق.,
2,32667,مجزوء البسيط,2,مدى تفوق شخصية تُشبه يوسف النبوية لكنها تفوقه في جمال العينين، وتبدأ التمثيل بوصف ملكي لصفات لا تُضاهى، ثم تتحول إلى إشادة بقدرة متحدثه على إحياء قصة يوسف بطريقة تضفي عليها زينة جديدة، ليُختَتم بتأكيد فريدية هذا الفرد الذي جسدها في تفاصيل تلامس العينين كمصدر للإعجاب، مع حقول دلالية تجمع بين الملكية والجمال والتفوق الروحي.,"مَلَكتَ رِقّي وَأَنتَ فيهِ
يا حَسَناً جَلَّ عَن شَبيهِ
يا مَن حَكى يوسُفاً وَلَكِن
قَد زينَ في عَينِ مُشتَريهِ",4,"زيّنت العين في يوسف
لكنك أنت زينتها أكثر
شخصية تشبه يوسف النبوية
لكن تفوقه في الجمال أتم",0.6,0.4,0.54,28.563111305236816,0.0,0.09803921568627451,2.4000000000000004,القصيدة تلتقط الفكرة المركزية للمقارنة والتفوق في جمال العين، لكنها تغفل عن العناصر الهيكلية في الوصف مثل البدء بوصف ملكي أو الإشادة بقدرة المتحدث على إحياء القصة. كما أن الصياغة مباشرة وتكرارية، تفتقر للصور الشعرية أو العمق الدلالي.,
2,32667,مجزوء البسيط,2,مدى تفوق شخصية تُشبه يوسف النبوية لكنها تفوقه في جمال العينين، وتبدأ التمثيل بوصف ملكي لصفات لا تُضاهى، ثم تتحول إلى إشادة بقدرة متحدثه على إحياء قصة يوسف بطريقة تضفي عليها زينة جديدة، ليُختَتم بتأكيد فريدية هذا الفرد الذي جسدها في تفاصيل تلامس العينين كمصدر للإعجاب، مع حقول دلالية تجمع بين الملكية والجمال والتفوق الروحي.,"مَلَكتَ رِقّي وَأَنتَ فيهِ
يا حَسَناً جَلَّ عَن شَبيهِ
يا مَن حَكى يوسُفاً وَلَكِن
قَد زينَ في عَينِ مُشتَريهِ",3,"مدى تفوقك لا يعرف الناس
في شخصية جميلة جدًا
تشبه يوسف في القصة
لكن تفوقه هو الأقوى",0.3,0.3,0.3,28.872178554534912,0.0,0.09803921568627451,2.95,الوصف يتطلب تفوق الشخص على يوسف في العينين مع وصف ملكي ودور المتحدث، بينما القصيدة تناقض في التفوق (تفوق يوسف أقوى) وتغفل العينين والوصف الملكي، مع لغة عامة تفتقر للبعد الشعري.,
3,73223,الرمل,2,دعوة إلى رحمة ربّانية بمواجهة مَن ابتعدوا عن طريق الحق، وهم يهيمون في ظلام بعد موتهما الروحي. تتحرك المشاعر من الحسرة على ضياع الطريق، إلى التضرع باسم الأرواح التي استقرت في ساحات العطاء والكرامة. يستخدم الشعور بالظلم وغياب الإدراك كصور لتمثيل انحراف الإنسان عن الهدى، بينما تظهر عناوين الرحمة والإرشاد كمخرج من هذا الدمار.,"من لعميان عدوا نهج الهدى
ولمـوتـى بعد موتـى يعـبرون
رب رحــمــاك لركــب نــزلـوا
ساحة الجود ومأوى المعتضين",2,"دعوة للرحمة في طريق الحق
والرحمة للذين ابتعدوا في طريق
وهم يمشون بعد الموت طريق
رحمة ربانية بمواجهة الطريق",0.6,0.2,0.48,16.562520265579224,0.0,0.19148936170212766,0.8,القصيدة تلتقط الفكرة المركزية (الرحمة والضياع) وتستخدم مفردات الوصف، لكنها تفتقر للصور الدلالية (الظلام، الظلم) والعمق العاطفي. الجوهر الشعري ضعيف بسبب التكرار اللفظي والعمومية.,
3,73223,الرمل,2,دعوة إلى رحمة ربّانية بمواجهة مَن ابتعدوا عن طريق الحق، وهم يهيمون في ظلام بعد موتهما الروحي. تتحرك المشاعر من الحسرة على ضياع الطريق، إلى التضرع باسم الأرواح التي استقرت في ساحات العطاء والكرامة. يستخدم الشعور بالظلم وغياب الإدراك كصور لتمثيل انحراف الإنسان عن الهدى، بينما تظهر عناوين الرحمة والإرشاد كمخرج من هذا الدمار.,"من لعميان عدوا نهج الهدى
ولمـوتـى بعد موتـى يعـبرون
رب رحــمــاك لركــب نــزلـوا
ساحة الجود ومأوى المعتضين",1,"دعوة للناس في طريق الحق
والذين ابتعدوا عن الهدى يمشون
رب رحمة لمن نزلوا في الطريق
بمواجهة الناس وهم يمشون",0.55,0.25,0.46,27.896547555923462,0.06896551724137931,0.1836734693877551,1.0,تطابق جزئي في الفكرة العامة (دعوة للرحمة للضالين) مع غياب الطبقات الدلالية الأعمق (الموت الروحي، الظلام، الأرواح المستقرة). المضمون ضعيف جدًا بسبب التكرار اللفظي (يمشون) والسطحية، مما يجعلها أقرب لملخص نصي من قصيدة ذات دلالة.,
3,73223,الرمل,2,دعوة إلى رحمة ربّانية بمواجهة مَن ابتعدوا عن طريق الحق، وهم يهيمون في ظلام بعد موتهما الروحي. تتحرك المشاعر من الحسرة على ضياع الطريق، إلى التضرع باسم الأرواح التي استقرت في ساحات العطاء والكرامة. يستخدم الشعور بالظلم وغياب الإدراك كصور لتمثيل انحراف الإنسان عن الهدى، بينما تظهر عناوين الرحمة والإرشاد كمخرج من هذا الدمار.,"من لعميان عدوا نهج الهدى
ولمـوتـى بعد موتـى يعـبرون
رب رحــمــاك لركــب نــزلـوا
ساحة الجود ومأوى المعتضين",5,"دعوة للذين ابتعدوا عن طريق الحق
وهم بعد الموت يمشون في الظلام
رب رحمة على من نزلوا
بمواجهة الحق وهم يهيمون في الظلام",0.8,0.3,0.6499999999999999,23.110357522964478,0.03571428571428571,0.16666666666666666,1.2,التوافق الدلالي المركزي عالٍ حيث تعكس القصيدة جوهر الوصف (الدعوة للرحمة للضالين في الظلام). لكن المادة الشعرية ضعيفة، فالقصيدة تبدو تلخيصًا للوصف دون إضافة دلالية أو بناء شعري مستقل، مما يخفض درجة المصداقية الفنية.,
3,73223,الرمل,2,دعوة إلى رحمة ربّانية بمواجهة مَن ابتعدوا عن طريق الحق، وهم يهيمون في ظلام بعد موتهما الروحي. تتحرك المشاعر من الحسرة على ضياع الطريق، إلى التضرع باسم الأرواح التي استقرت في ساحات العطاء والكرامة. يستخدم الشعور بالظلم وغياب الإدراك كصور لتمثيل انحراف الإنسان عن الهدى، بينما تظهر عناوين الرحمة والإرشاد كمخرج من هذا الدمار.,"من لعميان عدوا نهج الهدى
ولمـوتـى بعد موتـى يعـبرون
رب رحــمــاك لركــب نــزلـوا
ساحة الجود ومأوى المعتضين",3,"دعوة عامة للناس في طريق الحق
ورحمة ربانية للموتى والحيين
ابتعدوا عن الهدى ولم يجدوا طريق
وهم يمشون في الظلام بعد الحق",0.6,0.3,0.51,17.947914123535156,0.03333333333333333,0.13725490196078433,1.2,تطابق الكلمات المفتاحية والهدف العام، لكنها تفتقر للبعد العاطفي والصور الشعرية المذكورة في الوصف. النص سطحي وشبه نثري، يكرر الفكرة دون بناء دلالي غني.,
3,73223,الرمل,2,دعوة إلى رحمة ربّانية بمواجهة مَن ابتعدوا عن طريق الحق، وهم يهيمون في ظلام بعد موتهما الروحي. تتحرك المشاعر من الحسرة على ضياع الطريق، إلى التضرع باسم الأرواح التي استقرت في ساحات العطاء والكرامة. يستخدم الشعور بالظلم وغياب الإدراك كصور لتمثيل انحراف الإنسان عن الهدى، بينما تظهر عناوين الرحمة والإرشاد كمخرج من هذا الدمار.,"من لعميان عدوا نهج الهدى
ولمـوتـى بعد موتـى يعـبرون
رب رحــمــاك لركــب نــزلـوا
ساحة الجود ومأوى المعتضين",6,"دعوة للناس أن يمشوا في طريق
إن الله رحمة ربانية للجميع
ابتعدوا عن الضلال ومواجهة الحق
وهم الذين لا يرون الحق والهدى",0.4,0.3,0.37,53.45457315444946,0.0,0.13725490196078433,2.25,تتشارك القصيدة مع الوصف في العناوين العامة (الرحمة، الطريق، الحق) لكنها تغفل الجوهر الدلالي الأعمق المتعلق بالموته الروحي والتضرع للأرواح، وتقتصر على نصيحة عامة. أما من حيث المضمون، فالقصيدة بسيطة جداً وتفتقر إلى الصور الشعرية أو العمق العاطفي، وتبدو أقرب إلى الشعارات الدينية منها إلى قصيدة ذات بناء فني.,
3,73223,الرمل,2,دعوة إلى رحمة ربّانية بمواجهة مَن ابتعدوا عن طريق الحق، وهم يهيمون في ظلام بعد موتهما الروحي. تتحرك المشاعر من الحسرة على ضياع الطريق، إلى التضرع باسم الأرواح التي استقرت في ساحات العطاء والكرامة. يستخدم الشعور بالظلم وغياب الإدراك كصور لتمثيل انحراف الإنسان عن الهدى، بينما تظهر عناوين الرحمة والإرشاد كمخرج من هذا الدمار.,"من لعميان عدوا نهج الهدى
ولمـوتـى بعد موتـى يعـبرون
رب رحــمــاك لركــب نــزلـوا
ساحة الجود ومأوى المعتضين",4,"دعوة لمن لم يسلكوا طريق الهدى
والذين ماتوا بعد موتهم في الظلام
رب رحمة على قوم نزلوا في المكان
بمواجهة الحق ومأوى للمتقين",0.7,0.4,0.61,36.714430809020996,0.1,0.1111111111111111,2.4000000000000004,القصيدة تلتقط الفكرة المركزية للوصف (الرحمة للمبتعدين) وتستخدم مفرداته، لكنها تفتقر للعمق الشعري وتقتصر على العبارات العامة دون بناء دلالي قوي.,
4,86244,المجتث,9,يُشفِّي قلبًا مُنهكًا من صراعٍ بين الاغتراب والحب، حيث يُخبِّر المخاطَب عن مُضيّه في سفرٍ جعل جسده نحيفًا وقلبه مُؤلمًا، ويُنادي بعذابِ تعلّقه برسولٍ قد يُبدي له العُذر. ينتقل المشهد من تذكّرٍ بحرارةِ اللقاءات السابقة إلى تطلُّبٍ بِالصبرِ على صعوباتٍ مُتكرِّرةٍ في اللقاء والانفصال، مُعبِّرًا عن إرهاقٍ جسديٍّ ونفسيٍّ. يختتمُ بنداءٍ عاجزٍ يطلبُ من المخاطَب أن يُبدي قَدْرَهُ في الفهمِ والإحسان، مُذكِّرًا بِأنَّ الأسى يتسللُ دائمًا إلى الأصلِ. تُشكِّل صورُ المرضِ والضعفِ والسفرِ مجالًا دلاليًّا يعكسُ هشاشةَ العلاقةِ بينَ المتطلِّبِ والمُطلَّبِ.,"يــا مــن يـسـائل عـنـي
قـد هـجـت عـندي غليلا
وزدت قــلبــي ســقـامـاً
وزدت جــســمــي نـحـولا
قـد كـدت من عظم وخمي
ارى الرســول جــمـيـلا
وكــدت مــن حــر وجــدي
اراه عـــنـــك بــديــلا
مــل كــان ضــرك يـومـاً
لو كـدت انـت الرسولا
لكــــن اجـــلك عـــن ان
اســومــك التــثــقـيـلا
وان تــعــانــي صـعـوداً
لمــــنــــزلي ونــــزولا
وان اكــــون عـــليـــلاً
وفـــوق ذاك ثـــقــيــلا
فـافـعـل كـاصلك واحكم
فالفزع يتلو الاصولا",2,"يا من يخبر عني وعن حالي
قد صرت قلباً منهكاً في الحل
قد صرت قلباً منهكاً من الهم
قد صرت قلباً منهكاً من الظمأ
لا يشفي من ألمي هذا الجرح
لا يشفي من ألمي هذا الجرح
هناك صراع بين الحزن والوجع
هناك صراع بين الحزن والوجع
والحب لا يبعد الاغتراب
والحب لا يبعد الاغتراب
قلت للمخاطب اني غريب
قلت للمخاطب اني غريب
لقد ذهبت من بعدك نحيلاً
لقد ذهبت من بعدك نحيلاً
وزادني من هذا السفر تعباً
وزادني من هذا السفر تعباً
ان كنت مريضاً في جسدي وروحي
ان كنت مريضاً في جسدي وروحي",0.7,0.3,0.58,31.197778701782227,0.011235955056179775,0.08888888888888889,1.2,تطابق القصيدة المفردات والصور المركزية (السفر، النحافة، الاغتراب، التعب) مع الوصف، لكنها تفتقر للديناميكية العاطفية المذكورة في النهاية. التكرار الميكانيكي للسطور يقلل من العمق الشعري والمقنع، مما يجعل المضمون سطحيًا رغم دلالته الواضحة.,
4,86244,المجتث,9,يُشفِّي قلبًا مُنهكًا من صراعٍ بين الاغتراب والحب، حيث يُخبِّر المخاطَب عن مُضيّه في سفرٍ جعل جسده نحيفًا وقلبه مُؤلمًا، ويُنادي بعذابِ تعلّقه برسولٍ قد يُبدي له العُذر. ينتقل المشهد من تذكّرٍ بحرارةِ اللقاءات السابقة إلى تطلُّبٍ بِالصبرِ على صعوباتٍ مُتكرِّرةٍ في اللقاء والانفصال، مُعبِّرًا عن إرهاقٍ جسديٍّ ونفسيٍّ. يختتمُ بنداءٍ عاجزٍ يطلبُ من المخاطَب أن يُبدي قَدْرَهُ في الفهمِ والإحسان، مُذكِّرًا بِأنَّ الأسى يتسللُ دائمًا إلى الأصلِ. تُشكِّل صورُ المرضِ والضعفِ والسفرِ مجالًا دلاليًّا يعكسُ هشاشةَ العلاقةِ بينَ المتطلِّبِ والمُطلَّبِ.,"يــا مــن يـسـائل عـنـي
قـد هـجـت عـندي غليلا
وزدت قــلبــي ســقـامـاً
وزدت جــســمــي نـحـولا
قـد كـدت من عظم وخمي
ارى الرســول جــمـيـلا
وكــدت مــن حــر وجــدي
اراه عـــنـــك بــديــلا
مــل كــان ضــرك يـومـاً
لو كـدت انـت الرسولا
لكــــن اجـــلك عـــن ان
اســومــك التــثــقـيـلا
وان تــعــانــي صـعـوداً
لمــــنــــزلي ونــــزولا
وان اكــــون عـــليـــلاً
وفـــوق ذاك ثـــقــيــلا
فـافـعـل كـاصلك واحكم
فالفزع يتلو الاصولا",6,"يا من يخبر عني وعن الواقع
قد صرت قلباً منهكاً من الحق
يجب ان يشفي القلب من الغضب
وقد صار هذا الهم في القلب
هناك صراع بين الحق والباطل
والحب يجب ان يبعد الاغتراب
قلت للمخاطب اني مريض
فتفهم ما في صدري من تعب
ان كنت مريضاً في جسدي وروحي
فتفهم ما في صدري من تعب
لقد ذهبت من بعدك نحيلاً
وزادني من هذا السفر تعباً
ان كنت مريضاً في جسدي وروحي
فتفهم ما في صدري من تعب
لا تخف من الفراق طويلاً
فالحب في القلب هو كل شيء
يجب عليك ان تفهم ما في
يجب عليك ان تفهم ما في",0.4,0.3,0.37,27.835424423217773,0.010101010101010102,0.08,2.25,تطابق في العناصر السردية (سفر، مرض، نحافة) مع انحراف في الجوهر الدلالي (صراع الحق والباطل بدل الاغتراب والحب)، والقصيدة ضعيفة البناء مع تكرار مفرط وجمل غير مكتملة في النهاية.,
4,86244,المجتث,9,يُشفِّي قلبًا مُنهكًا من صراعٍ بين الاغتراب والحب، حيث يُخبِّر المخاطَب عن مُضيّه في سفرٍ جعل جسده نحيفًا وقلبه مُؤلمًا، ويُنادي بعذابِ تعلّقه برسولٍ قد يُبدي له العُذر. ينتقل المشهد من تذكّرٍ بحرارةِ اللقاءات السابقة إلى تطلُّبٍ بِالصبرِ على صعوباتٍ مُتكرِّرةٍ في اللقاء والانفصال، مُعبِّرًا عن إرهاقٍ جسديٍّ ونفسيٍّ. يختتمُ بنداءٍ عاجزٍ يطلبُ من المخاطَب أن يُبدي قَدْرَهُ في الفهمِ والإحسان، مُذكِّرًا بِأنَّ الأسى يتسللُ دائمًا إلى الأصلِ. تُشكِّل صورُ المرضِ والضعفِ والسفرِ مجالًا دلاليًّا يعكسُ هشاشةَ العلاقةِ بينَ المتطلِّبِ والمُطلَّبِ.,"يــا مــن يـسـائل عـنـي
قـد هـجـت عـندي غليلا
وزدت قــلبــي ســقـامـاً
وزدت جــســمــي نـحـولا
قـد كـدت من عظم وخمي
ارى الرســول جــمـيـلا
وكــدت مــن حــر وجــدي
اراه عـــنـــك بــديــلا
مــل كــان ضــرك يـومـاً
لو كـدت انـت الرسولا
لكــــن اجـــلك عـــن ان
اســومــك التــثــقـيـلا
وان تــعــانــي صـعـوداً
لمــــنــــزلي ونــــزولا
وان اكــــون عـــليـــلاً
وفـــوق ذاك ثـــقــيــلا
فـافـعـل كـاصلك واحكم
فالفزع يتلو الاصولا",5,"يا من يخبر عني وعن الحبيب
قد صرت قلباً منهكاً من الحب
لقد صار رسولك عندي غريباً
لا يشفي من ألمي غير الغربة
هناك صراع بين الحزن والوجع
والحب هو الاغتراب في النهاية
قلت للمخاطب اني نحيلاً
وزادني من هذا السفر تعباً
ان كنت مريضاً في جسدي وروحي
فتفهم ما في صدري من تعب
لا تخف من الفراق طويلاً
فالحب في القلب هو كل شيء
يا من يخبر عني وعن الحبيب
قد صرت قلباً منهكاً من الحب
لقد صار رسولك عندي غريباً
لا يشفي من ألمي غير الغربة
هناك صراع بين الحزن والوجع
والحب هو الاغتراب في النهاية",0.8,0.4,0.6799999999999999,27.13901686668396,0.01020408163265306,0.08080808080808081,2.4000000000000004,القصيدة تلتقط المفردات والموضوعات المركزية للوصف بدقة (الغربة، السفر، النحافة، الرسول، التعب، صراع الحب والابتعاد)، مما يرفع درجة التوافق الدلالي. لكن اللغة مباشرة جداً وتفتقر للصور الشعرية، مع تكرار نصي كامل للنصف الأول في النهاية مما يقلل من العمق الفني والقيمة الأدبية، كما أن بعض العبارات تبدو مجردة من البناء الدلالي القوي.,
4,86244,المجتث,9,يُشفِّي قلبًا مُنهكًا من صراعٍ بين الاغتراب والحب، حيث يُخبِّر المخاطَب عن مُضيّه في سفرٍ جعل جسده نحيفًا وقلبه مُؤلمًا، ويُنادي بعذابِ تعلّقه برسولٍ قد يُبدي له العُذر. ينتقل المشهد من تذكّرٍ بحرارةِ اللقاءات السابقة إلى تطلُّبٍ بِالصبرِ على صعوباتٍ مُتكرِّرةٍ في اللقاء والانفصال، مُعبِّرًا عن إرهاقٍ جسديٍّ ونفسيٍّ. يختتمُ بنداءٍ عاجزٍ يطلبُ من المخاطَب أن يُبدي قَدْرَهُ في الفهمِ والإحسان، مُذكِّرًا بِأنَّ الأسى يتسللُ دائمًا إلى الأصلِ. تُشكِّل صورُ المرضِ والضعفِ والسفرِ مجالًا دلاليًّا يعكسُ هشاشةَ العلاقةِ بينَ المتطلِّبِ والمُطلَّبِ.,"يــا مــن يـسـائل عـنـي
قـد هـجـت عـندي غليلا
وزدت قــلبــي ســقـامـاً
وزدت جــســمــي نـحـولا
قـد كـدت من عظم وخمي
ارى الرســول جــمـيـلا
وكــدت مــن حــر وجــدي
اراه عـــنـــك بــديــلا
مــل كــان ضــرك يـومـاً
لو كـدت انـت الرسولا
لكــــن اجـــلك عـــن ان
اســومــك التــثــقـيـلا
وان تــعــانــي صـعـوداً
لمــــنــــزلي ونــــزولا
وان اكــــون عـــليـــلاً
وفـــوق ذاك ثـــقــيــلا
فـافـعـل كـاصلك واحكم
فالفزع يتلو الاصولا",3,"يا من يخبر عني وعن الحياة
قد صرت قلباً منهكاً من الزمان
لقد صار هذا الهم كبيراً
لا يشفي من ألمي الزمن
هناك صراع بين الحياة والموت
والحب في كل مكان لا يقدر
الاغتراب في كل وجه نراه
قلت للمخاطب اني خاسر
إن كان الحب هو كل الامل
فتفهم مني ما لم اقدر ان ابي
لقد ذهبت من بعدك نحيلاً
وزادني من هذا السفر تعباً
ان كنت مريضاً في جسدي وروحي
فتفهم ما في صدري من تعب
لا تخف من الفراق طويلاً
فالحب في القلب هو كل شيء
يا من يخبر عني وعن الحيات
قد صرت قلباً منهكاً من الزمان",0.6,0.4,0.54,25.501179695129395,0.009345794392523364,0.07407407407407407,2.4000000000000004,تطابق جيد في صور السفر والنحافة والإرهاق وطلب التفهم، لكن يغيب السياق المحدد للرسول والنهاية الفلسفية في الوصف. القصيدة بسيطة لغوياً وتفتقر لعمق بصري أو دلالي متين.,
4,86244,المجتث,9,يُشفِّي قلبًا مُنهكًا من صراعٍ بين الاغتراب والحب، حيث يُخبِّر المخاطَب عن مُضيّه في سفرٍ جعل جسده نحيفًا وقلبه مُؤلمًا، ويُنادي بعذابِ تعلّقه برسولٍ قد يُبدي له العُذر. ينتقل المشهد من تذكّرٍ بحرارةِ اللقاءات السابقة إلى تطلُّبٍ بِالصبرِ على صعوباتٍ مُتكرِّرةٍ في اللقاء والانفصال، مُعبِّرًا عن إرهاقٍ جسديٍّ ونفسيٍّ. يختتمُ بنداءٍ عاجزٍ يطلبُ من المخاطَب أن يُبدي قَدْرَهُ في الفهمِ والإحسان، مُذكِّرًا بِأنَّ الأسى يتسللُ دائمًا إلى الأصلِ. تُشكِّل صورُ المرضِ والضعفِ والسفرِ مجالًا دلاليًّا يعكسُ هشاشةَ العلاقةِ بينَ المتطلِّبِ والمُطلَّبِ.,"يــا مــن يـسـائل عـنـي
قـد هـجـت عـندي غليلا
وزدت قــلبــي ســقـامـاً
وزدت جــســمــي نـحـولا
قـد كـدت من عظم وخمي
ارى الرســول جــمـيـلا
وكــدت مــن حــر وجــدي
اراه عـــنـــك بــديــلا
مــل كــان ضــرك يـومـاً
لو كـدت انـت الرسولا
لكــــن اجـــلك عـــن ان
اســومــك التــثــقـيـلا
وان تــعــانــي صـعـوداً
لمــــنــــزلي ونــــزولا
وان اكــــون عـــليـــلاً
وفـــوق ذاك ثـــقــيــلا
فـافـعـل كـاصلك واحكم
فالفزع يتلو الاصولا",1,"يا من يخبر عني وعن حالي
قد صرت قلباً منهكاً في الحل
لقد صار هذا الهم في قلبي
لا يشفي من ألمي غير السكوت
هناك صراع بين الحزن والوجع
والحب لا يبعد الاغتراب
لقد نحيلا جسدي من بعدك
وصرت أشكو في كل وقتي
قلت للمخاطب اني غريب
في هذه الأرض من بعدك
إن كان الحب يعقد الأمور
فتفهم مني ما لم اقدر ان ابي
لقد ذهبت من بعدك نحيلاً
وزادني من هذا السفر تعباً
ان كنت مريضاً في جسدي وروحي
فتفهم ما في صدري من تعب
لا تخف من الفراق طويلاً
فالحب في القلب هو كل شيء",0.55,0.4,0.505,68.77600908279419,0.00909090909090909,0.07207207207207207,2.4000000000000004,"تلتقط القصيدة المفردات الأساسية (الغربة، السفر، النحافة) لكنها تفتقد تفاصيل سرية جوهرية في الوصف مثل ذكر ""الرسول"" أو ""اللقاءات السابقة""، مما يخفض fit_score. أما substance_score فتنخفض بسبب التكرار الواضح للألفاظ والأفكار (النحافة، الفهم) والاعتماد على عبارات عامة في الختام.",
4,86244,المجتث,9,يُشفِّي قلبًا مُنهكًا من صراعٍ بين الاغتراب والحب، حيث يُخبِّر المخاطَب عن مُضيّه في سفرٍ جعل جسده نحيفًا وقلبه مُؤلمًا، ويُنادي بعذابِ تعلّقه برسولٍ قد يُبدي له العُذر. ينتقل المشهد من تذكّرٍ بحرارةِ اللقاءات السابقة إلى تطلُّبٍ بِالصبرِ على صعوباتٍ مُتكرِّرةٍ في اللقاء والانفصال، مُعبِّرًا عن إرهاقٍ جسديٍّ ونفسيٍّ. يختتمُ بنداءٍ عاجزٍ يطلبُ من المخاطَب أن يُبدي قَدْرَهُ في الفهمِ والإحسان، مُذكِّرًا بِأنَّ الأسى يتسللُ دائمًا إلى الأصلِ. تُشكِّل صورُ المرضِ والضعفِ والسفرِ مجالًا دلاليًّا يعكسُ هشاشةَ العلاقةِ بينَ المتطلِّبِ والمُطلَّبِ.,"يــا مــن يـسـائل عـنـي
قـد هـجـت عـندي غليلا
وزدت قــلبــي ســقـامـاً
وزدت جــســمــي نـحـولا
قـد كـدت من عظم وخمي
ارى الرســول جــمـيـلا
وكــدت مــن حــر وجــدي
اراه عـــنـــك بــديــلا
مــل كــان ضــرك يـومـاً
لو كـدت انـت الرسولا
لكــــن اجـــلك عـــن ان
اســومــك التــثــقـيـلا
وان تــعــانــي صـعـوداً
لمــــنــــزلي ونــــزولا
وان اكــــون عـــليـــلاً
وفـــوق ذاك ثـــقــيــلا
فـافـعـل كـاصلك واحكم
فالفزع يتلو الاصولا",4,"يا من يخبر عني عن الجدار
قد صرت قلباً منهكاً مثل الماء
لقد صار هذا الهم في القلب
لا يشفي من ألمي غير النور
هناك صراع بين السماء والارض
والحب مثل الريح لا يدوم
لقد نحيلا جسدي من بعدك
وصرت أشكو في كل وقتي
قلت للمخاطب اني غائم
في هذه الأرض من بعدك
إن كان الحب يعقد الأمور
فتفهم مني ما لم اقدر ان ابي
لقد ذهبت من بعدك نحيلاً
وزادني من هذا السفر تعباً
ان كنت مريضاً في جسدي وروحي
فتفهم ما في صدري من تعب
لا تخف من الفراق طويلاً
فالحب في القلب هو كل شيء",0.75,0.5,0.6749999999999999,38.86695122718811,0.009259259259259259,0.06363636363636363,3.6,القصيدة تلتقط الصور الدلالية المركزية (السفر، النحافة، التعب، طلب الفهم) بدقة، مما يرفع درجة التوافق، رغم غياب الإشارة المباشرة لشخصية 'الرسول' في الوصف وتباين الخاتمة. أما من حيث المضمون، فالقصيدة تعتمد على عبارات عامة ومتكررة (مثل الريح، الحب كل شيء) مع تكرار للمفاهيم وأخطاء لغوية طفيفة، مما يقلل من عمقها الشعري رغم وضوح المعنى العام.,
5,67279,الوافر,5,حملة عسكرية ناجحة تُظهر قوة وفخر الجند، حيث تظهر الخيل بجمالها وسلاسة حركتها كأنها طيور العقاب المدربة. يتحول المشهد من الاستعداد للمعركة إلى الانتصار الساحق الذي دمر جيوش العدو وأعاد الغنائم. يعمّ الفخر والاعتزاز عبر الصور الحارقة لوجوه الكرام التي هُزِمت في مواجهة النقع القوي. الغرض يشير إلى مدح القوة العسكرية وإعلاء شأن الفرسان الأبطال.,"جَلَبنَا الخَيلَ مِن كَنَفَي أَريكٍ
عَـوابِـسَ يَـطَّلـِعـنَ مِـنَ النِقابِ
كَــأَنَّ إِنـاثَهـا عِـقـبـانُ دَجـنٍ
إِذا طُـؤطِـئنَ فـي بَـلَدٍ يَـبـابِ
صَـبَـحـنـاهُـنَّ عَـن عُـرُضٍ تَـميماً
وَأَتـلَفَ رَكـضُـنـا جَمعَ الرِبابِ
فَـأَفـنَـيـنـا جُـمـوعَهُـمُ بِـثَـأجٍ
وَكَــرَّت بِـالغَـنـائِمِ وَالنِهـابِ
فَــكَـم عَـفَّرنَ مِـن وَجـهٍ كَـريـمٍ
غَـداةَ لَقـيـتُهُـم وَالنَقعُ كابِ",6,"نحن حدثنا عن الحملةِ العسكريّة
كانت ناجحةً ظَهرَت القوّة
الخيلُ كانت تُظهرُ الفخر
الجندُ ظَفَرنَا بالنصرِ
الغنائمُ كَثُرَتْ في النهاية
نحن فرحنا بالغنائمِ
وَجْهُ الكِرمِ هُزمَ في الحرب
هذا هو الفخرُ للجُندِ
هذا هو الفخرُ للجُندِ
هذا هو الفخرُ للجُندِ",0.6,0.2,0.48,23.471657514572144,0.016666666666666666,0.125,0.8,التوافق الدلالي متوسط لوجود المحاور الأساسية (النصر، الغنائم، الفخر) رغم غياب الصور البلاغية الدقيقة في الوصف. المصداقية الشعرية منخفضة بسبب السطحية اللغوية، التكرار غير المبرر، وطبيعة النص التي تشبه التقرير أكثر من الشعر.,
5,67279,الوافر,5,حملة عسكرية ناجحة تُظهر قوة وفخر الجند، حيث تظهر الخيل بجمالها وسلاسة حركتها كأنها طيور العقاب المدربة. يتحول المشهد من الاستعداد للمعركة إلى الانتصار الساحق الذي دمر جيوش العدو وأعاد الغنائم. يعمّ الفخر والاعتزاز عبر الصور الحارقة لوجوه الكرام التي هُزِمت في مواجهة النقع القوي. الغرض يشير إلى مدح القوة العسكرية وإعلاء شأن الفرسان الأبطال.,"جَلَبنَا الخَيلَ مِن كَنَفَي أَريكٍ
عَـوابِـسَ يَـطَّلـِعـنَ مِـنَ النِقابِ
كَــأَنَّ إِنـاثَهـا عِـقـبـانُ دَجـنٍ
إِذا طُـؤطِـئنَ فـي بَـلَدٍ يَـبـابِ
صَـبَـحـنـاهُـنَّ عَـن عُـرُضٍ تَـميماً
وَأَتـلَفَ رَكـضُـنـا جَمعَ الرِبابِ
فَـأَفـنَـيـنـا جُـمـوعَهُـمُ بِـثَـأجٍ
وَكَــرَّت بِـالغَـنـائِمِ وَالنِهـابِ
فَــكَـم عَـفَّرنَ مِـن وَجـهٍ كَـريـمٍ
غَـداةَ لَقـيـتُهُـم وَالنَقعُ كابِ",1,"جَلبْنَا الخيلَ في الحملةِ
عسكريّةٌ ناجحةٌ وتُظهِرُ القـوةَ
يَظْهُرُ الفخرُ في وجـهِ الجـندِ
الخيلُ مَرّت بِسَلاسةٍ وَبِـنَـهـبِ
رَكضُهمْ دَمرَ عدوَّهم في المِداد
الغنائمُ كثرت بعدَ النصرِ
كَم وَجْهٍ كُرسَ وَهوَ كَريمٌ
نَحنُ ظَفَرنَا وَلمْ نخـشَ الغَيمَ
نَحنُ ظَفَرنَا وَلمْ نخـشَ الغَيمَ
نَحنُ ظَفَرنَا وَلمْ نخـشَ الغَيمَ",0.85,0.25,0.6699999999999999,29.110124111175537,0.045454545454545456,0.08108108108108109,1.0,القصيدة تلتقط الجوهر الدلالي للوصف بدقة عالية من حيث الموضوع (حملة، نصر، خيل، غنائم) مما يرفع fit_score. أما substance_score فمخفض بسبب اللغة النثرية المباشرة، الصور الضعيفة (في المِداد)، والتكرار غير الفني في الأبيات الأخيرة.,
5,67279,الوافر,5,حملة عسكرية ناجحة تُظهر قوة وفخر الجند، حيث تظهر الخيل بجمالها وسلاسة حركتها كأنها طيور العقاب المدربة. يتحول المشهد من الاستعداد للمعركة إلى الانتصار الساحق الذي دمر جيوش العدو وأعاد الغنائم. يعمّ الفخر والاعتزاز عبر الصور الحارقة لوجوه الكرام التي هُزِمت في مواجهة النقع القوي. الغرض يشير إلى مدح القوة العسكرية وإعلاء شأن الفرسان الأبطال.,"جَلَبنَا الخَيلَ مِن كَنَفَي أَريكٍ
عَـوابِـسَ يَـطَّلـِعـنَ مِـنَ النِقابِ
كَــأَنَّ إِنـاثَهـا عِـقـبـانُ دَجـنٍ
إِذا طُـؤطِـئنَ فـي بَـلَدٍ يَـبـابِ
صَـبَـحـنـاهُـنَّ عَـن عُـرُضٍ تَـميماً
وَأَتـلَفَ رَكـضُـنـا جَمعَ الرِبابِ
فَـأَفـنَـيـنـا جُـمـوعَهُـمُ بِـثَـأجٍ
وَكَــرَّت بِـالغَـنـائِمِ وَالنِهـابِ
فَــكَـم عَـفَّرنَ مِـن وَجـهٍ كَـريـمٍ
غَـداةَ لَقـيـتُهُـم وَالنَقعُ كابِ",5,"الخيلُ جلبنا الجندَ في الحملة
نجاحٌ للحملةِ عسكريّة
قوةٌ في الخيلِ تظهرُ
الفخرُ في وجـهِ الجندِ
الغنائمُ جمعناها بالجند
الخيلُ دَمرتْ وجهَ الكِرمِ
الحملةُ ناجحةٌ في الظهور
نحن ظَفَرنَا بالغنائمِ
نحن ظَفَرنَا بالغنائمِ
نحن ظَفَرنَا بالغنائمِ",0.55,0.25,0.46,25.684361457824707,0.05263157894736842,0.12698412698412698,1.0,القصيدة تلتقط المفردات العامة (حملة، خيل، غنائم) لكنها تفتقر للصور الدلالية الدقيقة (العقاب، سلاسة الحركة) وتحتوي على تكرار ممل. المضمون سطحي ويشبه الجمل الخبرية المنقحة، مما يقلل من قيمتها الشعرية والدلالية.,
5,67279,الوافر,5,حملة عسكرية ناجحة تُظهر قوة وفخر الجند، حيث تظهر الخيل بجمالها وسلاسة حركتها كأنها طيور العقاب المدربة. يتحول المشهد من الاستعداد للمعركة إلى الانتصار الساحق الذي دمر جيوش العدو وأعاد الغنائم. يعمّ الفخر والاعتزاز عبر الصور الحارقة لوجوه الكرام التي هُزِمت في مواجهة النقع القوي. الغرض يشير إلى مدح القوة العسكرية وإعلاء شأن الفرسان الأبطال.,"جَلَبنَا الخَيلَ مِن كَنَفَي أَريكٍ
عَـوابِـسَ يَـطَّلـِعـنَ مِـنَ النِقابِ
كَــأَنَّ إِنـاثَهـا عِـقـبـانُ دَجـنٍ
إِذا طُـؤطِـئنَ فـي بَـلَدٍ يَـبـابِ
صَـبَـحـنـاهُـنَّ عَـن عُـرُضٍ تَـميماً
وَأَتـلَفَ رَكـضُـنـا جَمعَ الرِبابِ
فَـأَفـنَـيـنـا جُـمـوعَهُـمُ بِـثَـأجٍ
وَكَــرَّت بِـالغَـنـائِمِ وَالنِهـابِ
فَــكَـم عَـفَّرنَ مِـن وَجـهٍ كَـريـمٍ
غَـداةَ لَقـيـتُهُـم وَالنَقعُ كابِ",3,"حملةٌ عسكريةٌ عملنا ناجحةٌ
تظهرُ فيها قوةٌ وفخرٌ للجندِ
الخيلُ مَرّت في الميدانِ
دَمرتْ جموعَ الأعداءِ
نحن ظَفَرنَا بِالقوةِ
الغنائمُ كانت مع الجندِ
وَجْهُ كريـمٌ هُزمَ بِالقوةِ
هذا هو الفخرُ في الحربِ
هذا هو الفخرُ في الحربِ
هذا هو الفخرُ في الحربِ",0.9,0.3,0.72,29.525837421417236,0.01639344262295082,0.15873015873015872,1.28,القصيدة تحقق تطابقاً دلالياً قوياً مع جوهر الوصف (النصر، الخيل، الغنائم، الفخر العسكري)، لكنها تفتقر إلى العمق الشعري والصور البلاغية، وتعتمد على التكرار المباشر والجمود اللغوي مما يقلل من قيمتها الفنية.,
5,67279,الوافر,5,حملة عسكرية ناجحة تُظهر قوة وفخر الجند، حيث تظهر الخيل بجمالها وسلاسة حركتها كأنها طيور العقاب المدربة. يتحول المشهد من الاستعداد للمعركة إلى الانتصار الساحق الذي دمر جيوش العدو وأعاد الغنائم. يعمّ الفخر والاعتزاز عبر الصور الحارقة لوجوه الكرام التي هُزِمت في مواجهة النقع القوي. الغرض يشير إلى مدح القوة العسكرية وإعلاء شأن الفرسان الأبطال.,"جَلَبنَا الخَيلَ مِن كَنَفَي أَريكٍ
عَـوابِـسَ يَـطَّلـِعـنَ مِـنَ النِقابِ
كَــأَنَّ إِنـاثَهـا عِـقـبـانُ دَجـنٍ
إِذا طُـؤطِـئنَ فـي بَـلَدٍ يَـبـابِ
صَـبَـحـنـاهُـنَّ عَـن عُـرُضٍ تَـميماً
وَأَتـلَفَ رَكـضُـنـا جَمعَ الرِبابِ
فَـأَفـنَـيـنـا جُـمـوعَهُـمُ بِـثَـأجٍ
وَكَــرَّت بِـالغَـنـائِمِ وَالنِهـابِ
فَــكَـم عَـفَّرنَ مِـن وَجـهٍ كَـريـمٍ
غَـداةَ لَقـيـتُهُـم وَالنَقعُ كابِ",4,"جلبنا الخيل كأنها طيور
الخيل كأنها عُقـابٌ في الهواء
مَرّت الخيلُ بِجمعِ الجندِ
هي تُظهِرُ قوّةً وفخرَ الجندِ
الحملةُ ناجحةٌ في الظهور
الغنائمُ كُتبتْ بالنجاحِ
الخيلُ دَمرتْ وجـوهَ الأعداء
نحن ظَفَرنَا بِكُلِّ الفخرِ
نحن ظَفَرنَا بِكُلِّ الفخرِ
نحن ظَفَرنَا بِكُلِّ الفخرِ",0.9,0.3,0.72,14.98356008529663,0.03278688524590164,0.15625,1.28,التوافق الدلالي عالٍ جداً حيث تغطي القصيدة جميع عناصر الوصف (الخيل، الفخر، الانتصار، الغنائم). لكن المادة الشعرية ضعيفة جداً، تعتمد على التكرار الحرفي للسطر الأخير، واللغة ساذجة ومباشرة تفتقر للبناء الفني أو العمق الدلالي، مما يجعلها أقرب للتلخيص النثري منها لشعر ذي قيمة.,
5,67279,الوافر,5,حملة عسكرية ناجحة تُظهر قوة وفخر الجند، حيث تظهر الخيل بجمالها وسلاسة حركتها كأنها طيور العقاب المدربة. يتحول المشهد من الاستعداد للمعركة إلى الانتصار الساحق الذي دمر جيوش العدو وأعاد الغنائم. يعمّ الفخر والاعتزاز عبر الصور الحارقة لوجوه الكرام التي هُزِمت في مواجهة النقع القوي. الغرض يشير إلى مدح القوة العسكرية وإعلاء شأن الفرسان الأبطال.,"جَلَبنَا الخَيلَ مِن كَنَفَي أَريكٍ
عَـوابِـسَ يَـطَّلـِعـنَ مِـنَ النِقابِ
كَــأَنَّ إِنـاثَهـا عِـقـبـانُ دَجـنٍ
إِذا طُـؤطِـئنَ فـي بَـلَدٍ يَـبـابِ
صَـبَـحـنـاهُـنَّ عَـن عُـرُضٍ تَـميماً
وَأَتـلَفَ رَكـضُـنـا جَمعَ الرِبابِ
فَـأَفـنَـيـنـا جُـمـوعَهُـمُ بِـثَـأجٍ
وَكَــرَّت بِـالغَـنـائِمِ وَالنِهـابِ
فَــكَـم عَـفَّرنَ مِـن وَجـهٍ كَـريـمٍ
غَـداةَ لَقـيـتُهُـم وَالنَقعُ كابِ",2,"جَلبْنَا الخيلَ في الخيلِ
حملةٌ ناجحةٌ في الحملةِ
تُظهِرُ الخيلُ قوّةً في الخيلِ
والفخرُ في وجـهِ الجندِ
الجندُ يَركضونَ بالجندِ
الغنائمُ جُمعتْ في الغنائمِ
وَجْهُ الكِرمِ دُمّرَ في الدمارِ
الخيلُ مَرّت بِالفخرِ
الخيلُ مَرّت بِالفخرِ
الخيلُ مَرّت بِالفخرِ",0.2,0.1,0.16999999999999998,42.19889974594116,0.05454545454545454,0.13114754098360656,2.85,القصيدة تستخدم مفردات الوصف لكنها تفقد المعنى عبر التكرار التافه والجمل غير المنطقية. لا توجد صورة دلالية حقيقية أو سرد للحملة، مما يجعلها فارغة من الجوهر الدلالي المركزي.,
6,29798,مجزوء الخفيف,5,"وصف مباشر:  
يُبرز المحتوى تكريمًا لشخصية شريفة تُعتدّ بها، تُظهر في تواضعها قوة، وفي صدقها دليلًا على نقاء، وتشير إلى مواقفها في التخفيف عن المكروبين. يحمل الصوت نبرة تذمّر خفيفة من تقلبات الزمان التي تُهدّد المتمسّكين بالعزة، مع دعوة للوقوف بجانبهم. تتناسب الصور مع حقول الأدلة والشفافية، والاعتماد على النفس، وسط تحوّل من التقدير إلى التحذير، في ختام يُعبّر عن تطلّب الحماية من الظروف الصعبة.","إنَّ عبدَ العَزيزِ شَيْخٌ
بِهِ يُكشَفُ الشَّبَهْ
وترى للخَليلِ فيهِ
وأقرانِهِ شَبَهْ
وهْوَ لاشَكَّ شاهِدٌ
أنَّ إبريقَنا شَبَهْ
يا مَنْ تواضُعُهُ عَوْنٌ وسؤدُدُهْ
نَجْدٌ وهِمَّتُهُ التَّفريجُ للِكُرَبِ
أَوصِ الزَّمانَ بحِفظي مِن نَوائِبِه
فإن أحداثَهُنَّ السُّودَ تلعَبُ بي",6,"يا رجل يجب أن تكون
وصف مباشر يبرز العظمة
يبرز المحتوى تكريما لشخصية
ابدأ بالتواضع في الزمان
عبد العزيز شيخٌ من خير
تعتدّ على النفس بالخير
التواضع عونه للناس في
أوصي الزمان بحفظك من
النوائب التي تلعب
اجلس في السلام",0.6,0.3,0.51,25.91155505180359,0.1111111111111111,0.14285714285714285,1.2,القصيدة تلتقط العناصر الدلالية الأساسية من الوصف (الاسم، التواضع، الزمان، الحماية) مما يضمن توافقًا دلاليًا متوسطًا، لكنها تحتوي على عبارات وصفية من الوصف نفسه (مثل 'يبرز المحتوى') مما يجعلها ذاتية وتفتقر للبناء الشعري. وجود جملة ناقصة وضعف البنية يخفضان المصداقية.,
6,29798,مجزوء الخفيف,5,"وصف مباشر:  
يُبرز المحتوى تكريمًا لشخصية شريفة تُعتدّ بها، تُظهر في تواضعها قوة، وفي صدقها دليلًا على نقاء، وتشير إلى مواقفها في التخفيف عن المكروبين. يحمل الصوت نبرة تذمّر خفيفة من تقلبات الزمان التي تُهدّد المتمسّكين بالعزة، مع دعوة للوقوف بجانبهم. تتناسب الصور مع حقول الأدلة والشفافية، والاعتماد على النفس، وسط تحوّل من التقدير إلى التحذير، في ختام يُعبّر عن تطلّب الحماية من الظروف الصعبة.","إنَّ عبدَ العَزيزِ شَيْخٌ
بِهِ يُكشَفُ الشَّبَهْ
وترى للخَليلِ فيهِ
وأقرانِهِ شَبَهْ
وهْوَ لاشَكَّ شاهِدٌ
أنَّ إبريقَنا شَبَهْ
يا مَنْ تواضُعُهُ عَوْنٌ وسؤدُدُهْ
نَجْدٌ وهِمَّتُهُ التَّفريجُ للِكُرَبِ
أَوصِ الزَّمانَ بحِفظي مِن نَوائِبِه
فإن أحداثَهُنَّ السُّودَ تلعَبُ بي",3,"وصف لمحتوى القصيدة يبرز
تكريما لذكرى في الزمان
كل الناس تعتدّون بالرجل
فيه خير وكثرة في
الزمان فيه نكبات كثيرة
تلعَبُ بالأحداث السود
فلا تدع النوائب تضر
حيازة الحفظ للأشياء
وصف مباشر للمكان
تكريما للمحتوى والوصف",0.45,0.2,0.375,25.680013179779053,0.05454545454545454,0.0684931506849315,1.5000000000000002,النص المقدم يشبه وصفاً إرشادياً أو ملخصاً أكثر من كونه قصيدة فعلية، حيث يحتوي على عبارات مثل 'وصف لمحتوى القصيدة'. رغم التقارب الدلالي في المحاور (التكريم، الزمان، النكبات) مع الوصف، إلا أن غياب البنية الشعرية والصور يجعل التوافق الدلالي السطحي غير كافٍ. المحتوى فارغ من المعنى الشعري الحقيقي ويعتمد على الألفاظ الوصفية.,
6,29798,مجزوء الخفيف,5,"وصف مباشر:  
يُبرز المحتوى تكريمًا لشخصية شريفة تُعتدّ بها، تُظهر في تواضعها قوة، وفي صدقها دليلًا على نقاء، وتشير إلى مواقفها في التخفيف عن المكروبين. يحمل الصوت نبرة تذمّر خفيفة من تقلبات الزمان التي تُهدّد المتمسّكين بالعزة، مع دعوة للوقوف بجانبهم. تتناسب الصور مع حقول الأدلة والشفافية، والاعتماد على النفس، وسط تحوّل من التقدير إلى التحذير، في ختام يُعبّر عن تطلّب الحماية من الظروف الصعبة.","إنَّ عبدَ العَزيزِ شَيْخٌ
بِهِ يُكشَفُ الشَّبَهْ
وترى للخَليلِ فيهِ
وأقرانِهِ شَبَهْ
وهْوَ لاشَكَّ شاهِدٌ
أنَّ إبريقَنا شَبَهْ
يا مَنْ تواضُعُهُ عَوْنٌ وسؤدُدُهْ
نَجْدٌ وهِمَّتُهُ التَّفريجُ للِكُرَبِ
أَوصِ الزَّمانَ بحِفظي مِن نَوائِبِه
فإن أحداثَهُنَّ السُّودَ تلعَبُ بي",4,"عبد العزيز مثل رجل
في الوصف المباشر اسمه
فيه شبه كمثل الإبريق
الخليل شاهدٌ على الكأس
التواضع مثل العون في
الكروب مثل الظل في
الزمان يلعب مثل الكلب
أوصي الزمان بحفظي منه
النوائب مثل الريح
تلعَبُ في كل يوم",0.45,0.3,0.405,74.10654211044312,0.14583333333333334,0.013513513513513514,1.9000000000000001,التطابق يقتصر على الأسماء والمفاهيم العامة (الزمان، الحماية) دون استيعاب عمق وصف الشرف والنقاء. جودة القصيدة منخفضة بسبب عدم اكتمال الجمل واستعارات ضعيفة.,
6,29798,مجزوء الخفيف,5,"وصف مباشر:  
يُبرز المحتوى تكريمًا لشخصية شريفة تُعتدّ بها، تُظهر في تواضعها قوة، وفي صدقها دليلًا على نقاء، وتشير إلى مواقفها في التخفيف عن المكروبين. يحمل الصوت نبرة تذمّر خفيفة من تقلبات الزمان التي تُهدّد المتمسّكين بالعزة، مع دعوة للوقوف بجانبهم. تتناسب الصور مع حقول الأدلة والشفافية، والاعتماد على النفس، وسط تحوّل من التقدير إلى التحذير، في ختام يُعبّر عن تطلّب الحماية من الظروف الصعبة.","إنَّ عبدَ العَزيزِ شَيْخٌ
بِهِ يُكشَفُ الشَّبَهْ
وترى للخَليلِ فيهِ
وأقرانِهِ شَبَهْ
وهْوَ لاشَكَّ شاهِدٌ
أنَّ إبريقَنا شَبَهْ
يا مَنْ تواضُعُهُ عَوْنٌ وسؤدُدُهْ
نَجْدٌ وهِمَّتُهُ التَّفريجُ للِكُرَبِ
أَوصِ الزَّمانَ بحِفظي مِن نَوائِبِه
فإن أحداثَهُنَّ السُّودَ تلعَبُ بي",5,"وصف مباشر لشخصية شريفة
يبرز المحتوى تكريما للذكر
عبد العزيز شيخٌ في الزمان
الإبريق يبرز التواضع
الخليل شبيهٌ للأقران
والزمان يلعب بالإبريق
نعتدّ على الزمن في
العون يأتي من النوائب
الكروب تلعب في المحتوى
تلعَبُ بي الأحداث في",0.35,0.15,0.29,24.79777503013611,0.11320754716981132,0.11267605633802817,2.0000000000000004,القصيدة تخلط بين النص الشعري والنص الوصفي (مثل 'وصف مباشر' و'في المحتوى')، وتنتهي بجمل غير مكتملة، مما يفقدها البنية الدلالية المتكاملة. رغم ذكر الاسم والمواضيع الأساسية (الزمان، التواضع)، إلا أن الغياب التام للتماسك والصور غير الواضحة يقلل من المطابقة الجوهرية مع وصف الغرض والشكل المطلوب.,
6,29798,مجزوء الخفيف,5,"وصف مباشر:  
يُبرز المحتوى تكريمًا لشخصية شريفة تُعتدّ بها، تُظهر في تواضعها قوة، وفي صدقها دليلًا على نقاء، وتشير إلى مواقفها في التخفيف عن المكروبين. يحمل الصوت نبرة تذمّر خفيفة من تقلبات الزمان التي تُهدّد المتمسّكين بالعزة، مع دعوة للوقوف بجانبهم. تتناسب الصور مع حقول الأدلة والشفافية، والاعتماد على النفس، وسط تحوّل من التقدير إلى التحذير، في ختام يُعبّر عن تطلّب الحماية من الظروف الصعبة.","إنَّ عبدَ العَزيزِ شَيْخٌ
بِهِ يُكشَفُ الشَّبَهْ
وترى للخَليلِ فيهِ
وأقرانِهِ شَبَهْ
وهْوَ لاشَكَّ شاهِدٌ
أنَّ إبريقَنا شَبَهْ
يا مَنْ تواضُعُهُ عَوْنٌ وسؤدُدُهْ
نَجْدٌ وهِمَّتُهُ التَّفريجُ للِكُرَبِ
أَوصِ الزَّمانَ بحِفظي مِن نَوائِبِه
فإن أحداثَهُنَّ السُّودَ تلعَبُ بي",2,"عبد العزيز شَيْخٌ شَيْخ
بِهِ يُكشَفُ الشَّبَهْ شَبَهْ
الخليل شبيهٌ لأقران
والأقران شبيهٌ في
شاهدٌ شاهدٌ على
الإبريق شَبَهٌ في
العَوْن عَوْنٌ للكُرَبِ
التَّفريجُ تفريجٌ لل
نَوَائِب النَوَائِبِ تنوب
تلعَبُ تلعَبٌ في",0.3,0.2,0.27,25.207621812820435,0.2682926829268293,0.0,2.5500000000000007,الوصف يتطلب سرداً متماسكاً (تكريم، تحذير، حماية)، بينما القصيدة مقاطع مفككة. هناك تداخل دلالي سطحي في مفردات العون والكرب، لكن البنية النحوية غير مكتملة (نهاية الجمل بحروف جر)، مما يقلل المصداقية الدلالية.,
6,29798,مجزوء الخفيف,5,"وصف مباشر:  
يُبرز المحتوى تكريمًا لشخصية شريفة تُعتدّ بها، تُظهر في تواضعها قوة، وفي صدقها دليلًا على نقاء، وتشير إلى مواقفها في التخفيف عن المكروبين. يحمل الصوت نبرة تذمّر خفيفة من تقلبات الزمان التي تُهدّد المتمسّكين بالعزة، مع دعوة للوقوف بجانبهم. تتناسب الصور مع حقول الأدلة والشفافية، والاعتماد على النفس، وسط تحوّل من التقدير إلى التحذير، في ختام يُعبّر عن تطلّب الحماية من الظروف الصعبة.","إنَّ عبدَ العَزيزِ شَيْخٌ
بِهِ يُكشَفُ الشَّبَهْ
وترى للخَليلِ فيهِ
وأقرانِهِ شَبَهْ
وهْوَ لاشَكَّ شاهِدٌ
أنَّ إبريقَنا شَبَهْ
يا مَنْ تواضُعُهُ عَوْنٌ وسؤدُدُهْ
نَجْدٌ وهِمَّتُهُ التَّفريجُ للِكُرَبِ
أَوصِ الزَّمانَ بحِفظي مِن نَوائِبِه
فإن أحداثَهُنَّ السُّودَ تلعَبُ بي",1,"وصف مباشر لشاعر في الزمان
عبد العزيز شيخٌ تعتد به
فيه قوة ونقاء في كل
التواضع عونه للكروب
يزيل النكبات عن الوجه
الزمان ينوب عن الحفظ
تلعبه الأحداث في المكان
أوصي الزمان بحفظي من
النوائب السود التي
تلعب بهيئة السواد",0.8,0.5,0.71,26.325413703918457,0.1346153846153846,0.0821917808219178,3.6,تطابق القصيدة المحاور المركزية للوصف (مدح شخصية، صفات، تهديد الزمان، طلب حماية) بشكل جيد، لكن هناك انحراف طفيف في اتجاه الطلب (لنفسه بدلًا من الدعوة للوقوف بجانبه). كما أن البناء الشعري ضعيف والألفاظ عامة وبسيطة جدًا، مما يقلل من عمقها الفني رغم وضوح المعنى.,
7,42466,مجزوء الكامل,2,يصف التأثير المُؤلم لظلم سلطةٍ تُخفي وراء سُكرها الظاهري حقيقةً مريرةً، حيث يظهر تناقض بين لطف ظاهر وقسوة مُغلفة، ليُبرز معاناة المُضطهدين في دنيا مُغشاةٍ بأقنعةِ الراحة. يتحول الصوت من توجسٍ تجاه العدالة المفقودة إلى إدانةٍ للوهم الذي يُغري القلوبَ بوعودٍ كاذبة، فيُضيء التحديات التي تواجهها الأرواحُ المُحبطة. تُستدعى صورٌ مُتناقضة كالسكُر الطيب والخمار الشاق، لتعكس حقلًا دلاليًا يجمع بين الرضا الزائف والكُرب المُخفي، مما يُشير إلى غرضٍ انتقادٍ لواقعٍ يُضللُ المُتطلعينَ إلى الأمان.,"كَم تائِهٍ بِوِلايَةٍ
وَبِعَذلِهِ يَعدو البَريد
سُكرُ الوِلايَةِ طَيِّبٌ
وَخُمارُها صَعبٌ شَديد",6,"يجب أن نعلم لظلم سلطةٍ
يصف التأثير المؤلم لها
تخفي وراء سكرها الحقيقة
وهذا هو الواقع المؤلم جدًا",0.7,0.2,0.5499999999999999,20.154268503189087,0.0,0.1111111111111111,0.8,تتطابق القصيدة مع المفردات والموضوع المركزي في الوصف، لكنها تفتقر للبناء الفني وتبدو كملخص نصي للوصف نفسه، مما يجعلها فارغة من المعنى الشعري رغم دقة المطابقة الموضوعية.,
7,42466,مجزوء الكامل,2,يصف التأثير المُؤلم لظلم سلطةٍ تُخفي وراء سُكرها الظاهري حقيقةً مريرةً، حيث يظهر تناقض بين لطف ظاهر وقسوة مُغلفة، ليُبرز معاناة المُضطهدين في دنيا مُغشاةٍ بأقنعةِ الراحة. يتحول الصوت من توجسٍ تجاه العدالة المفقودة إلى إدانةٍ للوهم الذي يُغري القلوبَ بوعودٍ كاذبة، فيُضيء التحديات التي تواجهها الأرواحُ المُحبطة. تُستدعى صورٌ مُتناقضة كالسكُر الطيب والخمار الشاق، لتعكس حقلًا دلاليًا يجمع بين الرضا الزائف والكُرب المُخفي، مما يُشير إلى غرضٍ انتقادٍ لواقعٍ يُضللُ المُتطلعينَ إلى الأمان.,"كَم تائِهٍ بِوِلايَةٍ
وَبِعَذلِهِ يَعدو البَريد
سُكرُ الوِلايَةِ طَيِّبٌ
وَخُمارُها صَعبٌ شَديد",3,"هناك تأثير مؤلم لظلم سلطةٍ كبيرة
تخفي وراء سكرها أشياء كثيرة
يصف الأمر الواقع كما هو
لكنه يبدو بعيدًا عن الحقيقة",0.6,0.2,0.48,51.662696838378906,0.0,0.07792207792207792,0.8,التوافق الدلالي متوسط لوجود المفردات الأساسية (السلطة، السكر، الظلم) لكن دون استحضار عمق التناقض أو المعاناة الموصوفة في الوصف. المضمون ضعيف جدًا لكونه نثرًا مفسرًا للوصف نفسه دون بناء شعري مستقل أو صور دلالية مقنعة.,
7,42466,مجزوء الكامل,2,يصف التأثير المُؤلم لظلم سلطةٍ تُخفي وراء سُكرها الظاهري حقيقةً مريرةً، حيث يظهر تناقض بين لطف ظاهر وقسوة مُغلفة، ليُبرز معاناة المُضطهدين في دنيا مُغشاةٍ بأقنعةِ الراحة. يتحول الصوت من توجسٍ تجاه العدالة المفقودة إلى إدانةٍ للوهم الذي يُغري القلوبَ بوعودٍ كاذبة، فيُضيء التحديات التي تواجهها الأرواحُ المُحبطة. تُستدعى صورٌ مُتناقضة كالسكُر الطيب والخمار الشاق، لتعكس حقلًا دلاليًا يجمع بين الرضا الزائف والكُرب المُخفي، مما يُشير إلى غرضٍ انتقادٍ لواقعٍ يُضللُ المُتطلعينَ إلى الأمان.,"كَم تائِهٍ بِوِلايَةٍ
وَبِعَذلِهِ يَعدو البَريد
سُكرُ الوِلايَةِ طَيِّبٌ
وَخُمارُها صَعبٌ شَديد",1,"يصف التأثير المؤلم لظلم سلطةٍ
تخفي وراء سكرها الحقيقة مرّة
يبدو الأمر لطيفًا ظاهريًا
لكن المعاناة واضحة جدًا",0.9,0.2,0.6900000000000001,23.80272674560547,0.0,0.10666666666666667,0.8800000000000001,التطابق الدلالي مع الوصف مرتفع جدًا لدرجة التكرار، لكن السطر الأول وصف ذاتي يخلو من الغنائية. من حيث المضمون، القصيدة نثرية بحتة تفتقر للصور الشعرية والعمق الفني، مما يقلل من قيمتها الإبداعية رغم دقة المعنى.,
7,42466,مجزوء الكامل,2,يصف التأثير المُؤلم لظلم سلطةٍ تُخفي وراء سُكرها الظاهري حقيقةً مريرةً، حيث يظهر تناقض بين لطف ظاهر وقسوة مُغلفة، ليُبرز معاناة المُضطهدين في دنيا مُغشاةٍ بأقنعةِ الراحة. يتحول الصوت من توجسٍ تجاه العدالة المفقودة إلى إدانةٍ للوهم الذي يُغري القلوبَ بوعودٍ كاذبة، فيُضيء التحديات التي تواجهها الأرواحُ المُحبطة. تُستدعى صورٌ مُتناقضة كالسكُر الطيب والخمار الشاق، لتعكس حقلًا دلاليًا يجمع بين الرضا الزائف والكُرب المُخفي، مما يُشير إلى غرضٍ انتقادٍ لواقعٍ يُضللُ المُتطلعينَ إلى الأمان.,"كَم تائِهٍ بِوِلايَةٍ
وَبِعَذلِهِ يَعدو البَريد
سُكرُ الوِلايَةِ طَيِّبٌ
وَخُمارُها صَعبٌ شَديد",4,"سكرُها يبدو طيبًا ولكن
يصف التأثير المؤلم لظلم
سلطةٌ تخفي وراء سكرها
لكن الحقيقة ليست سكرًا",0.5,0.2,0.41,45.89132833480835,0.0,0.1111111111111111,1.1500000000000004,النص يلتقط المفردات المركزية للوصف لكنه يفتقر للتجسيد الفني والصور التي يفترضها الوصف. من حيث المضمون، النص أقرب إلى جمل نثرية تشرح الوصف بدلًا من قصيدة ذات معنى مستقل، مما يقلل من قيمته الشعرية.,
7,42466,مجزوء الكامل,2,يصف التأثير المُؤلم لظلم سلطةٍ تُخفي وراء سُكرها الظاهري حقيقةً مريرةً، حيث يظهر تناقض بين لطف ظاهر وقسوة مُغلفة، ليُبرز معاناة المُضطهدين في دنيا مُغشاةٍ بأقنعةِ الراحة. يتحول الصوت من توجسٍ تجاه العدالة المفقودة إلى إدانةٍ للوهم الذي يُغري القلوبَ بوعودٍ كاذبة، فيُضيء التحديات التي تواجهها الأرواحُ المُحبطة. تُستدعى صورٌ مُتناقضة كالسكُر الطيب والخمار الشاق، لتعكس حقلًا دلاليًا يجمع بين الرضا الزائف والكُرب المُخفي، مما يُشير إلى غرضٍ انتقادٍ لواقعٍ يُضللُ المُتطلعينَ إلى الأمان.,"كَم تائِهٍ بِوِلايَةٍ
وَبِعَذلِهِ يَعدو البَريد
سُكرُ الوِلايَةِ طَيِّبٌ
وَخُمارُها صَعبٌ شَديد",2,"لظلم سلطةٍ سكرُها سكرٌ
يصف التأثير المؤلم للتأثير
تخفي وراء سكرها وراء سكرها
سلطةٌ لظلمٍ سكرُها سكرٌ",0.3,0.1,0.24,27.657614707946777,0.047619047619047616,0.11764705882352941,2.1500000000000004,القصيدة تعتمد على تكرار مفردات الوصف حرفياً دون بناء دلالي شعري حقيقي، وتحتوي على جمل وصفية (مثل 'يصف التأثير') تكسر الطابع الفني. المفاهيم موجودة لفظياً لكن التعبير فارغ.,
7,42466,مجزوء الكامل,2,يصف التأثير المُؤلم لظلم سلطةٍ تُخفي وراء سُكرها الظاهري حقيقةً مريرةً، حيث يظهر تناقض بين لطف ظاهر وقسوة مُغلفة، ليُبرز معاناة المُضطهدين في دنيا مُغشاةٍ بأقنعةِ الراحة. يتحول الصوت من توجسٍ تجاه العدالة المفقودة إلى إدانةٍ للوهم الذي يُغري القلوبَ بوعودٍ كاذبة، فيُضيء التحديات التي تواجهها الأرواحُ المُحبطة. تُستدعى صورٌ مُتناقضة كالسكُر الطيب والخمار الشاق، لتعكس حقلًا دلاليًا يجمع بين الرضا الزائف والكُرب المُخفي، مما يُشير إلى غرضٍ انتقادٍ لواقعٍ يُضللُ المُتطلعينَ إلى الأمان.,"كَم تائِهٍ بِوِلايَةٍ
وَبِعَذلِهِ يَعدو البَريد
سُكرُ الوِلايَةِ طَيِّبٌ
وَخُمارُها صَعبٌ شَديد",5,"يصف التأثير المؤلم لظلم
سكرُها وراء سلطةٍ تخفي
يذهب البريد إلى سكرها
لظلم السلطة يخفي التأثير",0.1,0.1,0.1,12.428414344787598,0.043478260869565216,0.11428571428571428,3.5500000000000003,النص المقدم لا يُعد قصيدة بل تكرار مشوّه لكلمات الوصف نفسه. لا يوجد بنية شعرية أو دلالة مترابطة تنقل الغرض النقدي أو التناقض المذكور. الكلمات مستخدمة بشكل سطحي دون بناء معنى حقيقي، مما يجعل التوافق الدلالي ضعيفًا جدًا والمحتوى فارغًا.,
8,3918,الطويل,5,مدى سماوي مُمتد يُشبه قوس الغمام، يتوهّج بنور يُشبه دراهم خالصة تُشكّلها مياه النهر الدائمة، وينتقل الصوت من نجوم الثريا إلى الأرض في حركة دوارة، ليُحيي صورة سرّية تُغتصب أسراراً ملكية عبر ذئاب تتسلل. ثم يظهر تحوّل في المشهد، حيث تذكّر الذكرى المؤلمة عهدًا قديمًا، فتتحول الفرحات إلى بكاء مستمر، ممزوجًا بالحنين والحنق، في مسيرة تبدأ بالجمال الطبيعي وتنتهي بالشوق إلى الماضي المفقود، مع إيحاءات دينية وفلسفية.,"وَقَوْرَاءَ مِنْ قَوْسِ الْغَمَامِ ابْتَغُوا لَهَا
مِثَالاً أَدَارُوهَا بِلاَ شَكِّ
فَبَيْنَ الثُّرَيَّا وَالثَّرَى سُدَّ جرْمُهَا
وَلِلْفَلَكِ الدَّوَّارِ قَدْ أَصْبَحَتْ تَحْكِي
تَصُوغُ لُجَيْنَ الْمَاءِ فِي النَّهْرِ دَائِما
دَرَاهِمَ نَوْرٍ قَدْ خَلصَنْ مِنْ السَّبكِ
وَتُرْسِلُ مِنْ شُهْبَانِهَا ذَا ذُؤابَةٍ
فَتَبْغِي اسْتِرَاقَ السَّمْعِ عَنْ حَوْزَةِ الْمُلْكِ
تَذَكَّرَتِ الْعَهْدَ الَّذِي اخْتُرِعَتْ بِهِ
وَحَنَّتْ فَمَا تَنْفَكُّ سَاجِعَةً تَبْكِي",1,"قوس الغمام ممتد في المدى السماوي
يشبه النور بنور يتوهج في السماء
بين النجوم والأرض الجرم ممتد
والفلك الدوار له حكاية يرويها
يصوغ ماء النهر دوائر من نور
دراهم نور بنور واضحة في السب
وترسل شعاعا منها ذا ذؤابة
وتبحث عن سر الملك في سماعها
ذكرت العهد القديم الذي كُتب
وحنّت وما تنفك تبكي حزينه",0.6,0.35,0.525,18.747925281524658,0.20833333333333334,0.08791208791208792,1.7999999999999998,تتوافق القصيدة مع التسلسل البصري واللفظي للوصف (قوس الغمام، النهر، الدراهم، العهد، البكاء)، لكنها أغفلت عنصر الصراع (الذئاب والسرقة) والتحول العاطفي (الفرح إلى الحزن)، مما يقلل من دقة التطابق الدلالي. أما من حيث الجودة، فالقصيدة تعاني من تكرار لفظي (نور بنور) وصياغة ركيكة، وتبدو كترجمة للوصف أكثر من نص شعري مستقل، مما يضعف قيمتها الفنية.,
8,3918,الطويل,5,مدى سماوي مُمتد يُشبه قوس الغمام، يتوهّج بنور يُشبه دراهم خالصة تُشكّلها مياه النهر الدائمة، وينتقل الصوت من نجوم الثريا إلى الأرض في حركة دوارة، ليُحيي صورة سرّية تُغتصب أسراراً ملكية عبر ذئاب تتسلل. ثم يظهر تحوّل في المشهد، حيث تذكّر الذكرى المؤلمة عهدًا قديمًا، فتتحول الفرحات إلى بكاء مستمر، ممزوجًا بالحنين والحنق، في مسيرة تبدأ بالجمال الطبيعي وتنتهي بالشوق إلى الماضي المفقود، مع إيحاءات دينية وفلسفية.,"وَقَوْرَاءَ مِنْ قَوْسِ الْغَمَامِ ابْتَغُوا لَهَا
مِثَالاً أَدَارُوهَا بِلاَ شَكِّ
فَبَيْنَ الثُّرَيَّا وَالثَّرَى سُدَّ جرْمُهَا
وَلِلْفَلَكِ الدَّوَّارِ قَدْ أَصْبَحَتْ تَحْكِي
تَصُوغُ لُجَيْنَ الْمَاءِ فِي النَّهْرِ دَائِما
دَرَاهِمَ نَوْرٍ قَدْ خَلصَنْ مِنْ السَّبكِ
وَتُرْسِلُ مِنْ شُهْبَانِهَا ذَا ذُؤابَةٍ
فَتَبْغِي اسْتِرَاقَ السَّمْعِ عَنْ حَوْزَةِ الْمُلْكِ
تَذَكَّرَتِ الْعَهْدَ الَّذِي اخْتُرِعَتْ بِهِ
وَحَنَّتْ فَمَا تَنْفَكُّ سَاجِعَةً تَبْكِي",2,"قوس الغمام ممتد ومدى ممتد
قوس الغمام في السماء يشبه السماء
النور يتوهج يتوهج في النهر
دراهم من نور والنور يتوهج
ذؤابة وذؤابة ترسل منها
سر الملك سر الملك تسترق
العهد العهد تذكرت
الحنين الحنين وما تنفك
تبكي تبكي وتنظر للقوس
في المدى السماوي والغيوم",0.45,0.3,0.405,50.48482656478882,0.1774193548387097,0.08974358974358974,1.9000000000000001,تتطابق القصيدة مع المفردات الأساسية للوصف (قوس الغمام، دراهم، سر الملك، العهد) مما يعطيها درجة متوسطة من التطابق الدلالي العام. ومع ذلك، يفقد fit_score بسبب غياب العناصر السردية المحورية مثل الذئاب (استبدالها بـ ذؤابة)، ونجوم الثريا، وتحوّل الفرح إلى بكاء. أما substance_score فمخفض بسبب التكرار الميكانيكي (يتوهج يتوهج، العهد العهد) الذي لا يضيف معنى، مما يجعل القصيدة تبدو سطحية ومجزأة.,
8,3918,الطويل,5,مدى سماوي مُمتد يُشبه قوس الغمام، يتوهّج بنور يُشبه دراهم خالصة تُشكّلها مياه النهر الدائمة، وينتقل الصوت من نجوم الثريا إلى الأرض في حركة دوارة، ليُحيي صورة سرّية تُغتصب أسراراً ملكية عبر ذئاب تتسلل. ثم يظهر تحوّل في المشهد، حيث تذكّر الذكرى المؤلمة عهدًا قديمًا، فتتحول الفرحات إلى بكاء مستمر، ممزوجًا بالحنين والحنق، في مسيرة تبدأ بالجمال الطبيعي وتنتهي بالشوق إلى الماضي المفقود، مع إيحاءات دينية وفلسفية.,"وَقَوْرَاءَ مِنْ قَوْسِ الْغَمَامِ ابْتَغُوا لَهَا
مِثَالاً أَدَارُوهَا بِلاَ شَكِّ
فَبَيْنَ الثُّرَيَّا وَالثَّرَى سُدَّ جرْمُهَا
وَلِلْفَلَكِ الدَّوَّارِ قَدْ أَصْبَحَتْ تَحْكِي
تَصُوغُ لُجَيْنَ الْمَاءِ فِي النَّهْرِ دَائِما
دَرَاهِمَ نَوْرٍ قَدْ خَلصَنْ مِنْ السَّبكِ
وَتُرْسِلُ مِنْ شُهْبَانِهَا ذَا ذُؤابَةٍ
فَتَبْغِي اسْتِرَاقَ السَّمْعِ عَنْ حَوْزَةِ الْمُلْكِ
تَذَكَّرَتِ الْعَهْدَ الَّذِي اخْتُرِعَتْ بِهِ
وَحَنَّتْ فَمَا تَنْفَكُّ سَاجِعَةً تَبْكِي",5,"قوس الغمام ممتد في المدى
يشبه النور في السماء بنور
بين السماء والأرض يدور الفلك
والنجم يحكي للحجر
النهر يتوهج بماء دسم
الدراهم تنطق في النهر
تشاهد الذؤابة في السماء
تسترق السمع من الملوك
العهد قديم والآن جديد
تبكي حنانا وحسدا",0.5,0.35,0.45499999999999996,35.9666907787323,0.08571428571428572,0.08641975308641975,2.1500000000000004,القصيدة استحضرت مفردات الوصف الرئيسية (قوس الغمام، الدراهم، النهر، العهد، البكاء) لكنها فشلت في نقل السردية المركزية (حركة الصوت، الذئاب، التحول العاطفي من فرح إلى بكاء). من حيث الجوهر الشعري، تعاني القصيدة من تكرار بلاغي (نور في السماء بنور) وضعف في الترابط الدلالي بين الصور، مما يجعلها تبدو كترتيب لكلمات الوصف أكثر من نص شعري متماسك.,
8,3918,الطويل,5,مدى سماوي مُمتد يُشبه قوس الغمام، يتوهّج بنور يُشبه دراهم خالصة تُشكّلها مياه النهر الدائمة، وينتقل الصوت من نجوم الثريا إلى الأرض في حركة دوارة، ليُحيي صورة سرّية تُغتصب أسراراً ملكية عبر ذئاب تتسلل. ثم يظهر تحوّل في المشهد، حيث تذكّر الذكرى المؤلمة عهدًا قديمًا، فتتحول الفرحات إلى بكاء مستمر، ممزوجًا بالحنين والحنق، في مسيرة تبدأ بالجمال الطبيعي وتنتهي بالشوق إلى الماضي المفقود، مع إيحاءات دينية وفلسفية.,"وَقَوْرَاءَ مِنْ قَوْسِ الْغَمَامِ ابْتَغُوا لَهَا
مِثَالاً أَدَارُوهَا بِلاَ شَكِّ
فَبَيْنَ الثُّرَيَّا وَالثَّرَى سُدَّ جرْمُهَا
وَلِلْفَلَكِ الدَّوَّارِ قَدْ أَصْبَحَتْ تَحْكِي
تَصُوغُ لُجَيْنَ الْمَاءِ فِي النَّهْرِ دَائِما
دَرَاهِمَ نَوْرٍ قَدْ خَلصَنْ مِنْ السَّبكِ
وَتُرْسِلُ مِنْ شُهْبَانِهَا ذَا ذُؤابَةٍ
فَتَبْغِي اسْتِرَاقَ السَّمْعِ عَنْ حَوْزَةِ الْمُلْكِ
تَذَكَّرَتِ الْعَهْدَ الَّذِي اخْتُرِعَتْ بِهِ
وَحَنَّتْ فَمَا تَنْفَكُّ سَاجِعَةً تَبْكِي",4,"مدى سماوي يشبه قوس الغمام
ممتد ويشبه النور
بين الثرى والسماوي جرم كالماء
والفلك الدوار حكي عليه
تصوغ الماء في النهر بنور
دراهم نادره من السبكة
ترسل منها ضوء يتوهج
تريد سر الملك في السمع
ذكري العهد الذي صاغ
حنت وتبكي حزن",0.6,0.4,0.54,24.33300757408142,0.15714285714285714,0.12048192771084337,2.4000000000000004,تلتقط القصيدة الصور الرئيسية (القوس، الدراهم، السر، البكاء) لكنها تغفل عن العنصر الحركي المركزي (الذئاب، تحول الفرح) والانتقال الدلالي الكامل. كما تفتقر القصيدة للتماسك اللغوي والبلاغي، وتبدو كترتيب لألفاظ الوصف دون بناء دلالي مستقل، مع ضعف في الصياغة (مثل استخدام 'حنت' بمعنى الحزن).,
8,3918,الطويل,5,مدى سماوي مُمتد يُشبه قوس الغمام، يتوهّج بنور يُشبه دراهم خالصة تُشكّلها مياه النهر الدائمة، وينتقل الصوت من نجوم الثريا إلى الأرض في حركة دوارة، ليُحيي صورة سرّية تُغتصب أسراراً ملكية عبر ذئاب تتسلل. ثم يظهر تحوّل في المشهد، حيث تذكّر الذكرى المؤلمة عهدًا قديمًا، فتتحول الفرحات إلى بكاء مستمر، ممزوجًا بالحنين والحنق، في مسيرة تبدأ بالجمال الطبيعي وتنتهي بالشوق إلى الماضي المفقود، مع إيحاءات دينية وفلسفية.,"وَقَوْرَاءَ مِنْ قَوْسِ الْغَمَامِ ابْتَغُوا لَهَا
مِثَالاً أَدَارُوهَا بِلاَ شَكِّ
فَبَيْنَ الثُّرَيَّا وَالثَّرَى سُدَّ جرْمُهَا
وَلِلْفَلَكِ الدَّوَّارِ قَدْ أَصْبَحَتْ تَحْكِي
تَصُوغُ لُجَيْنَ الْمَاءِ فِي النَّهْرِ دَائِما
دَرَاهِمَ نَوْرٍ قَدْ خَلصَنْ مِنْ السَّبكِ
وَتُرْسِلُ مِنْ شُهْبَانِهَا ذَا ذُؤابَةٍ
فَتَبْغِي اسْتِرَاقَ السَّمْعِ عَنْ حَوْزَةِ الْمُلْكِ
تَذَكَّرَتِ الْعَهْدَ الَّذِي اخْتُرِعَتْ بِهِ
وَحَنَّتْ فَمَا تَنْفَكُّ سَاجِعَةً تَبْكِي",6,"انظر إلى قوس الغمام ممتدا
إنه يشبه النور بنور
الممتد في السماء سماوي
يجب أن يعرف الفلك الدوار
يصنع النهر دراهم من نور
نور يتوهج بنور جميل
يجب أن تسترق السمع عن الملك
تذكر العهد القديم دائما
الحزن واجب على كل نفس
لذا حنت وتبكي كل يوم",0.45,0.35,0.42000000000000004,43.63523840904236,0.14492753623188406,0.10975609756097561,2.5,التوافق جزئي في المفردات الأساسية مثل قوس الغمام والنهر والعهد والحزن لكن السردية المركزية مثل الذئاب والثريا والتحول من الفرح غائبة أو مشوهة. القصيدة ضعيفة البناء مع تكرار مفرط لكلمة نور ومباشرة جدًا تفتقر للعمق الشعري.,
8,3918,الطويل,5,مدى سماوي مُمتد يُشبه قوس الغمام، يتوهّج بنور يُشبه دراهم خالصة تُشكّلها مياه النهر الدائمة، وينتقل الصوت من نجوم الثريا إلى الأرض في حركة دوارة، ليُحيي صورة سرّية تُغتصب أسراراً ملكية عبر ذئاب تتسلل. ثم يظهر تحوّل في المشهد، حيث تذكّر الذكرى المؤلمة عهدًا قديمًا، فتتحول الفرحات إلى بكاء مستمر، ممزوجًا بالحنين والحنق، في مسيرة تبدأ بالجمال الطبيعي وتنتهي بالشوق إلى الماضي المفقود، مع إيحاءات دينية وفلسفية.,"وَقَوْرَاءَ مِنْ قَوْسِ الْغَمَامِ ابْتَغُوا لَهَا
مِثَالاً أَدَارُوهَا بِلاَ شَكِّ
فَبَيْنَ الثُّرَيَّا وَالثَّرَى سُدَّ جرْمُهَا
وَلِلْفَلَكِ الدَّوَّارِ قَدْ أَصْبَحَتْ تَحْكِي
تَصُوغُ لُجَيْنَ الْمَاءِ فِي النَّهْرِ دَائِما
دَرَاهِمَ نَوْرٍ قَدْ خَلصَنْ مِنْ السَّبكِ
وَتُرْسِلُ مِنْ شُهْبَانِهَا ذَا ذُؤابَةٍ
فَتَبْغِي اسْتِرَاقَ السَّمْعِ عَنْ حَوْزَةِ الْمُلْكِ
تَذَكَّرَتِ الْعَهْدَ الَّذِي اخْتُرِعَتْ بِهِ
وَحَنَّتْ فَمَا تَنْفَكُّ سَاجِعَةً تَبْكِي",3,"شيء ممتد في المدى سماوي
قوس الغمام جميل جداً وممتد
بين السماء والأرض يوجد شيء
والفلك الدوار يحكي قصصاً
الماء في النهر يتوهج بنور
الأشياء جميلة جداً من نور
شعاع يرسل من السماء
يريد سر الملك أن يعرف
ذكر العهد القديم الذي كان
حنت وتبكي وتندم",0.3,0.2,0.27,50.00618934631348,0.1267605633802817,0.08235294117647059,2.5500000000000007,القصيدة تلتقط مفردات الوصف لكنها تغيّر جوهر الحدث (الرغبة في المعرفة بدلاً من السرقة والذئاب). اللغة ركيكة ومكررة، والمعنى ضعيف جداً لا يتجاوز سرد الكلمات.,
9,44306,الهزج,4,رجلٌ ذو خلقٍ نادرٍ يعاني من جوعٍ يُبكيهِ مع حُليةٍ مُشبعةٍ، ويُشير إلى تناقضٍ بين ما يُظهرهُ و ما يُخفيهُ. يُحدّث عن سفرٍ يحملُ شوقاً غيرَ مُتممٍ، كأنَّ جسدهُ مُفصَّلٌ عن روحهِ المُتعلِّقةِ بالحنين. يُبيّن كيفَ أَمسَكَ بأَسرارِهِ فَقتَلَها، لكنَّ هذا الكتمانَ لم يُمسِّكْ بها، بل أَبقى آثارَهَا حيّةً في داخِلِهِ. تتنامى الصورُ عبرَ حقلٍ دالٍّ على القلبِ المرهَقِ بينَ التَّحمُلِ والانكسارِ، مع غَموضٍ عاطفيٍّ يُحوِّلُ الأَحاسيسَ إلى حِمْلٍ لا يُحتمل.,"وَشَخصٍ طَيِّبِ الأَردا
نِ لا تَعرِفُ أَمثالَه
بَكى جوعاً وِشاحاهُ
وَقَد أَشبَعَ خَلخالَه
أَتانا يَحمِلُ الشَوقَ
وَما يَحمِلُ أَوصالَه
قَتَلتُ السِرَّ كِتماناً
وَقَتلُ السرِّ أَبقى لَه",2,"هذا رجل ذو خلق نادر ويعاني
من جوع يبكيه وجوع يزداد
حلية مشبعة وجوع يبكيه
يحمل الشوق ويحمل الجوع
قتل السر بالكتمان
والكتمان أبقى السر
السر يبقى والجوع يبقى
هذا الرجل يعاني دائماً",0.8,0.3,0.6499999999999999,24.856654405593872,0.0975609756097561,0.16923076923076924,1.2,القصيدة استحضرت المفردات والمفاهيم المركزية للوصف بدقة (الرجل، الجوع، الحلية، مفارقة السر بالكتمان)، مما يعكس توافقاً دلالياً عالياً مع الجوهر المطلوب. لكن القصيدة تفتقر إلى البناء الشعري والعمق الفني، وتعتمد على التكرار المباشر والسطحية التي تجعلها تبدو كملخص نثري أكثر منها قصيدة ذات قيمة دلالية مستقلة.,
9,44306,الهزج,4,رجلٌ ذو خلقٍ نادرٍ يعاني من جوعٍ يُبكيهِ مع حُليةٍ مُشبعةٍ، ويُشير إلى تناقضٍ بين ما يُظهرهُ و ما يُخفيهُ. يُحدّث عن سفرٍ يحملُ شوقاً غيرَ مُتممٍ، كأنَّ جسدهُ مُفصَّلٌ عن روحهِ المُتعلِّقةِ بالحنين. يُبيّن كيفَ أَمسَكَ بأَسرارِهِ فَقتَلَها، لكنَّ هذا الكتمانَ لم يُمسِّكْ بها، بل أَبقى آثارَهَا حيّةً في داخِلِهِ. تتنامى الصورُ عبرَ حقلٍ دالٍّ على القلبِ المرهَقِ بينَ التَّحمُلِ والانكسارِ، مع غَموضٍ عاطفيٍّ يُحوِّلُ الأَحاسيسَ إلى حِمْلٍ لا يُحتمل.,"وَشَخصٍ طَيِّبِ الأَردا
نِ لا تَعرِفُ أَمثالَه
بَكى جوعاً وِشاحاهُ
وَقَد أَشبَعَ خَلخالَه
أَتانا يَحمِلُ الشَوقَ
وَما يَحمِلُ أَوصالَه
قَتَلتُ السِرَّ كِتماناً
وَقَتلُ السرِّ أَبقى لَه",6,"يجب أن تعرف رجل ذا خلق نادر
يعاني من جوع يبكيه بشدة
حلية مشبعة وهو لا يأكل
يحمل الشوق ولا يحمل جسده
قتل السر بالكتمان
والكتمان جعل السر يبقى
تعلم أن الكتمان هو الحل
والجوع هو ما يعاني منه",0.75,0.35,0.6299999999999999,37.8639702796936,0.09090909090909091,0.16176470588235295,1.7999999999999998,التوافق الدلالي جيد حيث تلتقط القصيدة الحقائق الأساسية (الجوع، الحلية، السر)، لكنها تفقد الغموض العاطفي وطابع العبء النفسي في الوصف الأصلي. النص شعريًا سطحي، يعتمد على الجمل الخبرية المباشرة دون استعارات أو بناء فني، مما يقلل من قيمته الذاتية كقصيدة.,
9,44306,الهزج,4,رجلٌ ذو خلقٍ نادرٍ يعاني من جوعٍ يُبكيهِ مع حُليةٍ مُشبعةٍ، ويُشير إلى تناقضٍ بين ما يُظهرهُ و ما يُخفيهُ. يُحدّث عن سفرٍ يحملُ شوقاً غيرَ مُتممٍ، كأنَّ جسدهُ مُفصَّلٌ عن روحهِ المُتعلِّقةِ بالحنين. يُبيّن كيفَ أَمسَكَ بأَسرارِهِ فَقتَلَها، لكنَّ هذا الكتمانَ لم يُمسِّكْ بها، بل أَبقى آثارَهَا حيّةً في داخِلِهِ. تتنامى الصورُ عبرَ حقلٍ دالٍّ على القلبِ المرهَقِ بينَ التَّحمُلِ والانكسارِ، مع غَموضٍ عاطفيٍّ يُحوِّلُ الأَحاسيسَ إلى حِمْلٍ لا يُحتمل.,"وَشَخصٍ طَيِّبِ الأَردا
نِ لا تَعرِفُ أَمثالَه
بَكى جوعاً وِشاحاهُ
وَقَد أَشبَعَ خَلخالَه
أَتانا يَحمِلُ الشَوقَ
وَما يَحمِلُ أَوصالَه
قَتَلتُ السِرَّ كِتماناً
وَقَتلُ السرِّ أَبقى لَه",4,"رجل ذو خلق نادر يعاني من الجوع
يبكيه الجوع والحلية في يده
مشبعة بالذهب والذهب لا يفيد
يحمل الشوق والجسد لا يحمله
قتل السر والكتمان أبقى السر
السر يبقى حياً والجوع ياكل
الجوع يجعل الإنسان يبكي
والحلية لا تسكن الجوع",0.75,0.4,0.6449999999999999,134.62084674835205,0.08888888888888889,0.1267605633802817,2.4000000000000004,تلتقط القصيدة المحاور الدلالية الأساسية في الوصف (الجوع مقابل الحلية، الجسد مقابل الشوق، السر وكتمانه) بدقة عالية، مما يرفع درجة التوافق. لكن المادة الشعرية ضعيفة بسبب التكرار الواضح في المعنى (تكرار فكرة البكاء والجوع)، واللغة الساذجة التي تفتقر للصور البلاغية، مما يجعلها تبدو تلخيصاً للوصف أكثر من قصيدة ذات عمق دلالي مستقل.,
9,44306,الهزج,4,رجلٌ ذو خلقٍ نادرٍ يعاني من جوعٍ يُبكيهِ مع حُليةٍ مُشبعةٍ، ويُشير إلى تناقضٍ بين ما يُظهرهُ و ما يُخفيهُ. يُحدّث عن سفرٍ يحملُ شوقاً غيرَ مُتممٍ، كأنَّ جسدهُ مُفصَّلٌ عن روحهِ المُتعلِّقةِ بالحنين. يُبيّن كيفَ أَمسَكَ بأَسرارِهِ فَقتَلَها، لكنَّ هذا الكتمانَ لم يُمسِّكْ بها، بل أَبقى آثارَهَا حيّةً في داخِلِهِ. تتنامى الصورُ عبرَ حقلٍ دالٍّ على القلبِ المرهَقِ بينَ التَّحمُلِ والانكسارِ، مع غَموضٍ عاطفيٍّ يُحوِّلُ الأَحاسيسَ إلى حِمْلٍ لا يُحتمل.,"وَشَخصٍ طَيِّبِ الأَردا
نِ لا تَعرِفُ أَمثالَه
بَكى جوعاً وِشاحاهُ
وَقَد أَشبَعَ خَلخالَه
أَتانا يَحمِلُ الشَوقَ
وَما يَحمِلُ أَوصالَه
قَتَلتُ السِرَّ كِتماناً
وَقَتلُ السرِّ أَبقى لَه",3,"رجل نادر خلقه ويعاني من الجوع
يبكيه الجوع والشوق في قلبه
حلية مشبعة والجوع لا يذهب
الشوق يحمل الشوق ولا يحمله
السر في الكتمان والكتمان في السر
قتلته وأبقاها حية
الناس تعاني من كل شيء
والسر لا يوضح شيئاً",0.7,0.4,0.61,33.538326263427734,0.06666666666666667,0.11267605633802817,2.4000000000000004,تلتقط القصيدة المحاور المركزية للوصف (الرجل النادر، الجوع، الحلية، مفارقة السر)، لكنها تغفل تفاصيل بنيوية مهمة مثل السفر وانفصال الجسد عن الروح. أما من حيث المضمون، فالقصيدة ضعيفة البناء، وتعتمد على تكرار مفردات الوصف مباشرة دون عمق شعري، مع خاتمة عامة تفتقر للإقناع.,
9,44306,الهزج,4,رجلٌ ذو خلقٍ نادرٍ يعاني من جوعٍ يُبكيهِ مع حُليةٍ مُشبعةٍ، ويُشير إلى تناقضٍ بين ما يُظهرهُ و ما يُخفيهُ. يُحدّث عن سفرٍ يحملُ شوقاً غيرَ مُتممٍ، كأنَّ جسدهُ مُفصَّلٌ عن روحهِ المُتعلِّقةِ بالحنين. يُبيّن كيفَ أَمسَكَ بأَسرارِهِ فَقتَلَها، لكنَّ هذا الكتمانَ لم يُمسِّكْ بها، بل أَبقى آثارَهَا حيّةً في داخِلِهِ. تتنامى الصورُ عبرَ حقلٍ دالٍّ على القلبِ المرهَقِ بينَ التَّحمُلِ والانكسارِ، مع غَموضٍ عاطفيٍّ يُحوِّلُ الأَحاسيسَ إلى حِمْلٍ لا يُحتمل.,"وَشَخصٍ طَيِّبِ الأَردا
نِ لا تَعرِفُ أَمثالَه
بَكى جوعاً وِشاحاهُ
وَقَد أَشبَعَ خَلخالَه
أَتانا يَحمِلُ الشَوقَ
وَما يَحمِلُ أَوصالَه
قَتَلتُ السِرَّ كِتماناً
وَقَتلُ السرِّ أَبقى لَه",1,"رجل ذو خلق نادر وهو يعاني
من جوع كبير يبكيه ويضن
حلية مشبعة عنده وتحمل
الشوق يأتي والجسد لا يحمل
قتلته السرية بالكتمان
وكتمان السر أبقاها حية
لا يوجد مثله في زماننا
يعاني هو وحده من الجوع",0.9,0.4,0.75,26.05733060836792,0.06382978723404255,0.15714285714285714,2.4800000000000004,تلتقط القصيدة العناصر السردية الأساسية في الوصف (الجوع، الحلية، الأسرار، الشوق) بدقة عالية، مما يضمن توافقًا دلاليًا قويًا. ومع ذلك، تفتقر القصيدة إلى العمق الشعري، وتعتمد على التكرار المباشر لألفاظ الوصف دون بناء فني أو دلالي غني، مما يجعلها تبدو كملخص نصي أكثر من كونها قصيدة ذات معنى حقيقي مقنع.,
9,44306,الهزج,4,رجلٌ ذو خلقٍ نادرٍ يعاني من جوعٍ يُبكيهِ مع حُليةٍ مُشبعةٍ، ويُشير إلى تناقضٍ بين ما يُظهرهُ و ما يُخفيهُ. يُحدّث عن سفرٍ يحملُ شوقاً غيرَ مُتممٍ، كأنَّ جسدهُ مُفصَّلٌ عن روحهِ المُتعلِّقةِ بالحنين. يُبيّن كيفَ أَمسَكَ بأَسرارِهِ فَقتَلَها، لكنَّ هذا الكتمانَ لم يُمسِّكْ بها، بل أَبقى آثارَهَا حيّةً في داخِلِهِ. تتنامى الصورُ عبرَ حقلٍ دالٍّ على القلبِ المرهَقِ بينَ التَّحمُلِ والانكسارِ، مع غَموضٍ عاطفيٍّ يُحوِّلُ الأَحاسيسَ إلى حِمْلٍ لا يُحتمل.,"وَشَخصٍ طَيِّبِ الأَردا
نِ لا تَعرِفُ أَمثالَه
بَكى جوعاً وِشاحاهُ
وَقَد أَشبَعَ خَلخالَه
أَتانا يَحمِلُ الشَوقَ
وَما يَحمِلُ أَوصالَه
قَتَلتُ السِرَّ كِتماناً
وَقَتلُ السرِّ أَبقى لَه",5,"رجل ذو خلق نادر يعاني من جوع
يبكيه الجوع والحلية مشبعة
جاء يحمل الشوق والجسد غائب
قتل السر وأبقى السر حياً
الكتمان ليس قتلًا للسر
بل هو ترك للسر حياً
الجوع يحمل الشوق في نفسه
والشوق يحمل الجوع في قلبه",0.85,0.5,0.745,23.979509830474854,0.06976744186046512,0.14925373134328357,3.6,التوافق الدلالي عالٍ في نقل المفاهيم الجوهرية (الجوع، الحلية، الشوق، السر، الجسد) من الوصف، لكن يفتقر لالتقاط الطبقات العاطفية الدقيقة (الانكسار، العبء). أما المعنى الشعري فمحدود ويعتمد على التصريح والتكرار الدائري دون بناء صور عميقة.,
